date,region,state_po,candidate,party,voteshare,candidatevotes,totalvotes,ev,version
11/8/1960,Alabama,AL,Nixon,republican,42.1598553,,,,JJCooley
11/8/1960,Alabama,AL,Kennedy,democrat,56.38941101,,,5,JJCooley
11/8/1960,Alabama,AL,Byrd,southern democrat ,0,,,6,JJCooley
11/8/1960,Alabama,AL,Other,independent,1.450733693,,,,JJCooley
11/8/1960,Alaska,AK,Nixon,republican,50.94137783,,,,JJCooley
11/8/1960,Alaska,AK,Kennedy,democrat,49.05862217,,,,JJCooley
11/8/1960,Alaska,AK,Other,independent,0,,,,JJCooley
11/8/1960,Arizona,AZ,Nixon,republican,55.51969806,,,,JJCooley
11/8/1960,Arizona,AZ,Kennedy,democrat,44.36260794,,,,JJCooley
11/8/1960,Arizona,AZ,Other,independent,0.1176940006,,,,JJCooley
11/8/1960,Arkansas,AR,Nixon,republican,43.0581388,,,,JJCooley
11/8/1960,Arkansas,AR,Kennedy,democrat,50.18541034,,,,JJCooley
11/8/1960,Arkansas,AR,Other,independent,6.756450856,,,,JJCooley
11/8/1960,California,CA,Nixon,republican,50.09886918,,,,JJCooley
11/8/1960,California,CA,Kennedy,democrat,49.55137708,,,,JJCooley
11/8/1960,California,CA,Other,independent,0.3497537415,,,,JJCooley
11/8/1960,Colorado,CO,Nixon,republican,54.63418477,,,,JJCooley
11/8/1960,Colorado,CO,Kennedy,democrat,44.90740867,,,,JJCooley
11/8/1960,Colorado,CO,Other,independent,0.4584065652,,,,JJCooley
11/8/1960,Connecticut,CT,Nixon,republican,46.26877633,,,,JJCooley
11/8/1960,Connecticut,CT,Kennedy,democrat,53.72999706,,,,JJCooley
11/8/1960,Connecticut,CT,Other,independent,0.001226609578,,,,JJCooley
11/8/1960,Delaware,DE,Nixon,republican,48.99915092,,,,JJCooley
11/8/1960,Delaware,DE,Kennedy,democrat,50.63477779,,,,JJCooley
11/8/1960,Delaware,DE,Other,independent,0.3660712924,,,,JJCooley
11/8/1960,Florida,FL,Nixon,republican,51.51459419,,,,JJCooley
11/8/1960,Florida,FL,Kennedy,democrat,48.48540581,,,,JJCooley
11/8/1960,Florida,FL,Other,independent,0,,,,JJCooley
11/8/1960,Georgia,GA,Nixon,republican,37.42720042,,,,JJCooley
11/8/1960,Georgia,GA,Kennedy,democrat,62.54020937,,,,JJCooley
11/8/1960,Georgia,GA,Other,independent,0.03259021285,,,,JJCooley
11/8/1960,Hawaii,HI,Nixon,republican,49.96886928,,,,JJCooley
11/8/1960,Hawaii,HI,Kennedy,democrat,50.03113072,,,,JJCooley
11/8/1960,Hawaii,HI,Other,independent,0,,,,JJCooley
11/8/1960,Idaho,ID,Nixon,republican,53.78498918,,,,JJCooley
11/8/1960,Idaho,ID,Kennedy,democrat,46.21501082,,,,JJCooley
11/8/1960,Idaho,ID,Other,independent,0,,,,JJCooley
11/8/1960,Illinois,IL,Nixon,republican,49.79576068,,,,JJCooley
11/8/1960,Illinois,IL,Kennedy,democrat,49.98195446,,,,JJCooley
11/8/1960,Illinois,IL,Other,independent,0.2222848614,,,,JJCooley
11/8/1960,Indiana,IN,Nixon,republican,55.0314701,,,,JJCooley
11/8/1960,Indiana,IN,Kennedy,democrat,44.59941181,,,,JJCooley
11/8/1960,Indiana,IN,Other,independent,0.3691180878,,,,JJCooley
11/8/1960,Iowa,IA,Nixon,republican,56.71026291,,,,JJCooley
11/8/1960,Iowa,IA,Kennedy,democrat,43.22190908,,,,JJCooley
11/8/1960,Iowa,IA,Other,independent,0.06782801203,,,,JJCooley
11/8/1960,Kansas,KS,Nixon,republican,60.44992329,,,,JJCooley
11/8/1960,Kansas,KS,Kennedy,democrat,39.1045676,,,,JJCooley
11/8/1960,Kansas,KS,Other,independent,0.445509111,,,,JJCooley
11/8/1960,Kentucky,KY,Nixon,republican,53.59069493,,,,JJCooley
11/8/1960,Kentucky,KY,Kennedy,democrat,46.40930507,,,,JJCooley
11/8/1960,Kentucky,KY,Other,independent,0,,,,JJCooley
11/8/1960,Louisiana,LA,Nixon,republican,28.59049055,,,,JJCooley
11/8/1960,Louisiana,LA,Kennedy,democrat,50.42004429,,,,JJCooley
11/8/1960,Louisiana,LA,Other,independent,20.98946516,,,,JJCooley
11/8/1960,Maine,ME,Nixon,republican,57.04680006,,,,JJCooley
11/8/1960,Maine,ME,Kennedy,democrat,42.95177738,,,,JJCooley
11/8/1960,Maine,ME,Other,independent,0.001422566167,,,,JJCooley
11/8/1960,Maryland,MD,Nixon,republican,46.38636129,,,,JJCooley
11/8/1960,Maryland,MD,Kennedy,democrat,53.61335444,,,,JJCooley
11/8/1960,Maryland,MD,Other,independent,0.0002842661527,,,,JJCooley
11/8/1960,Massachusetts,MA,Nixon,republican,39.55286133,,,,JJCooley
11/8/1960,Massachusetts,MA,Kennedy,democrat,60.22215203,,,,JJCooley
11/8/1960,Massachusetts,MA,Other,independent,0.2249866369,,,,JJCooley
11/8/1960,Michigan,MI,Nixon,republican,48.83606477,,,,JJCooley
11/8/1960,Michigan,MI,Kennedy,democrat,50.85050256,,,,JJCooley
11/8/1960,Michigan,MI,Other,independent,0.3134326694,,,,JJCooley
11/8/1960,Minnesota,MN,Nixon,republican,49.15502887,,,,JJCooley
11/8/1960,Minnesota,MN,Kennedy,democrat,50.58301938,,,,JJCooley
11/8/1960,Minnesota,MN,Other,independent,0.2619517513,,,,JJCooley
11/8/1960,Mississippi,MS,Nixon,republican,24.67074263,,,,JJCooley
11/8/1960,Mississippi,MS,Kennedy,democrat,36.34223315,,,,JJCooley
11/8/1960,Mississippi,MS,Byrd,independent,38.98702422,,,,JJCooley
11/8/1960,Missouri,MO,Nixon,republican,49.74204181,,,,JJCooley
11/8/1960,Missouri,MO,Kennedy,democrat,50.25795819,,,,JJCooley
11/8/1960,Missouri,MO,Other,independent,0,,,,JJCooley
11/8/1960,Montana,MT,Nixon,republican,51.09932668,,,,JJCooley
11/8/1960,Montana,MT,Kennedy,democrat,48.59553496,,,,JJCooley
11/8/1960,Montana,MT,Other,independent,0.305138357,,,,JJCooley
11/8/1960,Nebraska,NE,Nixon,republican,62.07080469,,,,JJCooley
11/8/1960,Nebraska,NE,Kennedy,democrat,37.92919531,,,,JJCooley
11/8/1960,Nebraska,NE,Other,independent,0,,,,JJCooley
11/8/1960,Nevada,NV,Nixon,republican,48.83794643,,,,JJCooley
11/8/1960,Nevada,NV,Kennedy,democrat,51.16205357,,,,JJCooley
11/8/1960,Nevada,NV,Other,independent,0,,,,JJCooley
11/8/1960,New Hampshire,NH,Nixon,republican,53.41779342,,,,JJCooley
11/8/1960,New Hampshire,NH,Kennedy,democrat,46.58220658,,,,JJCooley
11/8/1960,New Hampshire,NH,Other,independent,0,,,,JJCooley
11/8/1960,New Jersey,NJ,Nixon,republican,49.16225856,,,,JJCooley
11/8/1960,New Jersey,NJ,Kennedy,democrat,49.9588729,,,,JJCooley
11/8/1960,New Jersey,NJ,Other,independent,0.8788685343,,,,JJCooley
11/8/1960,New Mexico,NM,Nixon,republican,49.41483155,,,,JJCooley
11/8/1960,New Mexico,NM,Kennedy,democrat,50.15219844,,,,JJCooley
11/8/1960,New Mexico,NM,Other,independent,0.4329700071,,,,JJCooley
11/8/1960,New York,NY,Nixon,republican,47.26898447,,,,JJCooley
11/8/1960,New York,NY,Kennedy,democrat,52.53111371,,,,JJCooley
11/8/1960,New York,NY,Other,independent,0.1999018252,,,,JJCooley
11/8/1960,North Carolina,NC,Nixon,republican,47.8913541,,,,JJCooley
11/8/1960,North Carolina,NC,Kennedy,democrat,52.1086459,,,,JJCooley
11/8/1960,North Carolina,NC,Other,independent,0,,,,JJCooley
11/8/1960,North Dakota,ND,Nixon,republican,55.42127134,,,,JJCooley
11/8/1960,North Dakota,ND,Kennedy,democrat,44.52198211,,,,JJCooley
11/8/1960,North Dakota,ND,Other,independent,0.0567465548,,,,JJCooley
11/8/1960,Ohio,OH,Nixon,republican,53.28414538,,,,JJCooley
11/8/1960,Ohio,OH,Kennedy,democrat,46.71585462,,,,JJCooley
11/8/1960,Ohio,OH,Other,independent,0,,,,JJCooley
11/8/1960,Oklahoma,OK,Nixon,republican,59.01998561,,,7,JJCooley
11/8/1960,Oklahoma,OK,Kennedy,democrat,40.98001439,,,,JJCooley
11/8/1960,Oklahoma,OK,Other,independent,0,,,,JJCooley
11/8/1960,Oklahoma,OK,Byrd,southern democrat,0,,,1,JJCooley
11/8/1960,Oregon,OR,Nixon,republican,52.55653827,,,,JJCooley
11/8/1960,Oregon,OR,Kennedy,democrat,47.31994627,,,,JJCooley
11/8/1960,Oregon,OR,Other,independent,0.1235154639,,,,JJCooley
11/8/1960,Pennsylvania,PA,Nixon,republican,48.7353644,,,,JJCooley
11/8/1960,Pennsylvania,PA,Kennedy,democrat,51.05884482,,,,JJCooley
11/8/1960,Pennsylvania,PA,Other,independent,0.2057907845,,,,JJCooley
11/8/1960,Rhode Island,RI,Nixon,republican,36.37219969,,,,JJCooley
11/8/1960,Rhode Island,RI,Kennedy,democrat,63.62755373,,,,JJCooley
11/8/1960,Rhode Island,RI,Other,independent,0.0002465878408,,,,JJCooley
11/8/1960,South Carolina,SC,Nixon,republican,48.76230967,,,,JJCooley
11/8/1960,South Carolina,SC,Kennedy,democrat,51.23743173,,,,JJCooley
11/8/1960,South Carolina,SC,Other,independent,0.0002586064217,,,,JJCooley
11/8/1960,South Dakota,SD,Nixon,republican,58.21356208,,,,JJCooley
11/8/1960,South Dakota,SD,Kennedy,democrat,41.78643792,,,,JJCooley
11/8/1960,South Dakota,SD,Other,independent,0,,,,JJCooley
11/8/1960,Tennessee,TN,Nixon,republican,52.91702162,,,,JJCooley
11/8/1960,Tennessee,TN,Kennedy,democrat,45.77454478,,,,JJCooley
11/8/1960,Tennessee,TN,Other,independent,1.308433607,,,,JJCooley
11/8/1960,Texas,TX,Nixon,republican,48.51879032,,,,JJCooley
11/8/1960,Texas,TX,Kennedy,democrat,50.5203186,,,,JJCooley
11/8/1960,Texas,TX,Other,independent,0.9608910797,,,,JJCooley
11/8/1960,Utah,UT,Nixon,republican,54.80546237,,,,JJCooley
11/8/1960,Utah,UT,Kennedy,democrat,45.16785025,,,,JJCooley
11/8/1960,Utah,UT,Other,independent,0.02668737607,,,,JJCooley
11/8/1960,Vermont,VT,Nixon,republican,58.64729507,,,,JJCooley
11/8/1960,Vermont,VT,Kennedy,democrat,41.34852143,,,,JJCooley
11/8/1960,Vermont,VT,Other,independent,0.004183500275,,,,JJCooley
11/8/1960,Virginia,VA,Nixon,republican,52.43651881,,,,JJCooley
11/8/1960,Virginia,VA,Kennedy,democrat,46.96707106,,,,JJCooley
11/8/1960,Virginia,VA,Other,independent,0.5964101321,,,,JJCooley
11/8/1960,Washington,WA,Nixon,republican,50.68356889,,,,JJCooley
11/8/1960,Washington,WA,Kennedy,democrat,48.26929087,,,,JJCooley
11/8/1960,Washington,WA,Other,independent,1.047140238,,,,JJCooley
11/8/1960,West Virginia,WV,Nixon,republican,47.2671259,,,,JJCooley
11/8/1960,West Virginia,WV,Kennedy,democrat,52.7328741,,,,JJCooley
11/8/1960,West Virginia,WV,Other,independent,0,,,,JJCooley
11/8/1960,Wisconsin,WI,Nixon,republican,51.77169157,,,,JJCooley
11/8/1960,Wisconsin,WI,Kennedy,democrat,48.04890688,,,,JJCooley
11/8/1960,Wisconsin,WI,Other,independent,0.1794015553,,,,JJCooley
11/8/1960,Wyoming,WY,Nixon,republican,55.01484565,,,,JJCooley
11/8/1960,Wyoming,WY,Kennedy,democrat,44.98515435,,,,JJCooley
11/8/1960,Wyoming,WY,Other,independent,0,,,,JJCooley
11/8/1960,National Popular Vote,NPV,Kennedy,democrat,49.7163294255,,,,20210915
11/8/1960,National Popular Vote,NPV,Nixon,republican,49.5524140833,,,,20210915
11/3/1964,Alabama,AL,Goldwater,republican,69.45102832,,,,JJCooley
11/3/1964,Alabama,AL,Johnson,democrat,0,,,,JJCooley
11/3/1964,Alabama,AL,Other,independent,30.54897168,,,,JJCooley
11/3/1964,Alaska,AK,Goldwater,republican,34.09209176,,,,JJCooley
11/3/1964,Alaska,AK,Johnson,democrat,65.90790824,,,,JJCooley
11/3/1964,Alaska,AK,Other,independent,0,,,,JJCooley
11/3/1964,Arizona,AZ,Goldwater,republican,50.44719928,,,,JJCooley
11/3/1964,Arizona,AZ,Johnson,democrat,49.45254488,,,,JJCooley
11/3/1964,Arizona,AZ,Other,independent,0.1002558396,,,,JJCooley
11/3/1964,Arkansas,AR,Goldwater,republican,43.40697969,,,,JJCooley
11/3/1964,Arkansas,AR,Johnson,democrat,56.06395849,,,,JJCooley
11/3/1964,Arkansas,AR,Other,independent,0.5290618208,,,,JJCooley
11/3/1964,California,CA,Goldwater,republican,40.79451529,,,,JJCooley
11/3/1964,California,CA,Johnson,democrat,59.11195414,,,,JJCooley
11/3/1964,California,CA,Other,independent,0.09353056413,,,,JJCooley
11/3/1964,Colorado,CO,Goldwater,republican,38.19463929,,,,JJCooley
11/3/1964,Colorado,CO,Johnson,democrat,61.26545395,,,,JJCooley
11/3/1964,Colorado,CO,Other,independent,0.5399067679,,,,JJCooley
11/3/1964,Connecticut,CT,Goldwater,republican,32.08625135,,,,JJCooley
11/3/1964,Connecticut,CT,Johnson,democrat,67.80600011,,,,JJCooley
11/3/1964,Connecticut,CT,Other,independent,0.1077485397,,,,JJCooley
11/3/1964,Delaware,DE,Goldwater,republican,38.78303199,,,,JJCooley
11/3/1964,Delaware,DE,Johnson,democrat,60.94973177,,,,JJCooley
11/3/1964,Delaware,DE,Other,independent,0.2672362408,,,,JJCooley
11/3/1964,District of Columbia,DC,Goldwater,republican,14.50223317,,,,JJCooley
11/3/1964,District of Columbia,DC,Johnson,democrat,85.49776683,,,,JJCooley
11/3/1964,District of Columbia,DC,Other,independent,0,,,,JJCooley
11/3/1964,Florida,FL,Goldwater,republican,48.85145763,,,,JJCooley
11/3/1964,Florida,FL,Johnson,democrat,51.14854237,,,,JJCooley
11/3/1964,Florida,FL,Other,independent,0,,,,JJCooley
11/3/1964,Georgia,GA,Goldwater,republican,54.11783706,,,,JJCooley
11/3/1964,Georgia,GA,Johnson,democrat,45.86504771,,,,JJCooley
11/3/1964,Georgia,GA,Other,independent,0.01711523203,,,,JJCooley
11/3/1964,Hawaii,HI,Goldwater,republican,21.2388612,,,,JJCooley
11/3/1964,Hawaii,HI,Johnson,democrat,78.7611388,,,,JJCooley
11/3/1964,Hawaii,HI,Other,independent,0,,,,JJCooley
11/3/1964,Idaho,ID,Goldwater,republican,49.08317577,,,,JJCooley
11/3/1964,Idaho,ID,Johnson,democrat,50.91682423,,,,JJCooley
11/3/1964,Idaho,ID,Other,independent,0,,,,JJCooley
11/3/1964,Illinois,IL,Goldwater,republican,40.52754495,,,,JJCooley
11/3/1964,Illinois,IL,Johnson,democrat,59.4711367,,,,JJCooley
11/3/1964,Illinois,IL,Other,independent,0.001318352034,,,,JJCooley
11/3/1964,Indiana,IN,Goldwater,republican,43.56068973,,,,JJCooley
11/3/1964,Indiana,IN,Johnson,democrat,55.97842041,,,,JJCooley
11/3/1964,Indiana,IN,Other,independent,0.4608898617,,,,JJCooley
11/3/1964,Iowa,IA,Goldwater,republican,37.91753585,,,,JJCooley
11/3/1964,Iowa,IA,Johnson,democrat,61.8831461,,,,JJCooley
11/3/1964,Iowa,IA,Other,independent,0.1993180469,,,,JJCooley
11/3/1964,Kansas,KS,Goldwater,republican,45.06102686,,,,JJCooley
11/3/1964,Kansas,KS,Johnson,democrat,54.08875849,,,,JJCooley
11/3/1964,Kansas,KS,Other,independent,0.8502146518,,,,JJCooley
11/3/1964,Kentucky,KY,Goldwater,republican,35.65387796,,,,JJCooley
11/3/1964,Kentucky,KY,Johnson,democrat,64.01451097,,,,JJCooley
11/3/1964,Kentucky,KY,Other,independent,0.3316110715,,,,JJCooley
11/3/1964,Louisiana,LA,Goldwater,republican,56.81456845,,,,JJCooley
11/3/1964,Louisiana,LA,Johnson,democrat,43.18543155,,,,JJCooley
11/3/1964,Louisiana,LA,Other,independent,0,,,,JJCooley
11/3/1964,Maine,ME,Goldwater,republican,31.13705698,,,,JJCooley
11/3/1964,Maine,ME,Johnson,democrat,68.79579037,,,,JJCooley
11/3/1964,Maine,ME,Other,independent,0.06715264899,,,,JJCooley
11/3/1964,Maryland,MD,Goldwater,republican,34.5284234,,,,JJCooley
11/3/1964,Maryland,MD,Johnson,democrat,65.46709815,,,,JJCooley
11/3/1964,Maryland,MD,Other,independent,0.00447845282,,,,JJCooley
11/3/1964,Massachusetts,MA,Goldwater,republican,23.44453552,,,,JJCooley
11/3/1964,Massachusetts,MA,Johnson,democrat,76.18660541,,,,JJCooley
11/3/1964,Massachusetts,MA,Other,independent,0.3688590659,,,,JJCooley
11/3/1964,Michigan,MI,Goldwater,republican,33.09766595,,,,JJCooley
11/3/1964,Michigan,MI,Johnson,democrat,66.70455702,,,,JJCooley
11/3/1964,Michigan,MI,Other,independent,0.1977770299,,,,JJCooley
11/3/1964,Minnesota,MN,Goldwater,republican,36.00113737,,,,JJCooley
11/3/1964,Minnesota,MN,Johnson,democrat,63.75948721,,,,JJCooley
11/3/1964,Minnesota,MN,Other,independent,0.2393754238,,,,JJCooley
11/3/1964,Mississippi,MS,Goldwater,republican,87.1395541,,,,JJCooley
11/3/1964,Mississippi,MS,Johnson,democrat,12.8604459,,,,JJCooley
11/3/1964,Mississippi,MS,Other,independent,0,,,,JJCooley
11/3/1964,Missouri,MO,Goldwater,republican,35.95041254,,,,JJCooley
11/3/1964,Missouri,MO,Johnson,democrat,64.04958746,,,,JJCooley
11/3/1964,Missouri,MO,Other,independent,0,,,,JJCooley
11/3/1964,Montana,MT,Goldwater,republican,40.56735145,,,,JJCooley
11/3/1964,Montana,MT,Johnson,democrat,58.94813156,,,,JJCooley
11/3/1964,Montana,MT,Other,independent,0.4845169904,,,,JJCooley
11/3/1964,Nebraska,NE,Goldwater,republican,47.3928108,,,,JJCooley
11/3/1964,Nebraska,NE,Johnson,democrat,52.6071892,,,,JJCooley
11/3/1964,Nebraska,NE,Other,independent,0,,,,JJCooley
11/3/1964,Nevada,NV,Goldwater,republican,41.41826586,,,,JJCooley
11/3/1964,Nevada,NV,Johnson,democrat,58.58173414,,,,JJCooley
11/3/1964,Nevada,NV,Other,independent,0,,,,JJCooley
11/3/1964,New Hampshire,NH,Goldwater,republican,36.10952019,,,,JJCooley
11/3/1964,New Hampshire,NH,Johnson,democrat,63.89047981,,,,JJCooley
11/3/1964,New Hampshire,NH,Other,independent,0,,,,JJCooley
11/3/1964,New Jersey,NJ,Goldwater,republican,33.85742438,,,,JJCooley
11/3/1964,New Jersey,NJ,Johnson,democrat,65.60667002,,,,JJCooley
11/3/1964,New Jersey,NJ,Other,independent,0.5359056053,,,,JJCooley
11/3/1964,New Mexico,NM,Goldwater,republican,40.24174717,,,,JJCooley
11/3/1964,New Mexico,NM,Johnson,democrat,59.22103689,,,,JJCooley
11/3/1964,New Mexico,NM,Other,independent,0.5372159394,,,,JJCooley
11/3/1964,New York,NY,Goldwater,republican,31.30832129,,,,JJCooley
11/3/1964,New York,NY,Johnson,democrat,68.56189947,,,,JJCooley
11/3/1964,New York,NY,Other,independent,0.1297792427,,,,JJCooley
11/3/1964,North Carolina,NC,Goldwater,republican,43.84922487,,,,JJCooley
11/3/1964,North Carolina,NC,Johnson,democrat,56.15077513,,,,JJCooley
11/3/1964,North Carolina,NC,Other,independent,0,,,,JJCooley
11/3/1964,North Dakota,ND,Goldwater,republican,41.87755671,,,,JJCooley
11/3/1964,North Dakota,ND,Johnson,democrat,57.96841197,,,,JJCooley
11/3/1964,North Dakota,ND,Other,independent,0.1540313249,,,,JJCooley
11/3/1964,Ohio,OH,Goldwater,republican,37.05700096,,,,JJCooley
11/3/1964,Ohio,OH,Johnson,democrat,62.94299904,,,,JJCooley
11/3/1964,Ohio,OH,Other,independent,0,,,,JJCooley
11/3/1964,Oklahoma,OK,Goldwater,republican,44.25366676,,,,JJCooley
11/3/1964,Oklahoma,OK,Johnson,democrat,55.74633324,,,,JJCooley
11/3/1964,Oklahoma,OK,Other,independent,0,,,,JJCooley
11/3/1964,Oregon,OR,Goldwater,republican,35.9630169,,,,JJCooley
11/3/1964,Oregon,OR,Johnson,democrat,63.71789573,,,,JJCooley
11/3/1964,Oregon,OR,Other,independent,0.319087377,,,,JJCooley
11/3/1964,Pennsylvania,PA,Goldwater,republican,34.70380638,,,,JJCooley
11/3/1964,Pennsylvania,PA,Johnson,democrat,64.92131984,,,,JJCooley
11/3/1964,Pennsylvania,PA,Other,independent,0.3748737738,,,,JJCooley
11/3/1964,Rhode Island,RI,Goldwater,republican,19.12758818,,,,JJCooley
11/3/1964,Rhode Island,RI,Johnson,democrat,80.86907927,,,,JJCooley
11/3/1964,Rhode Island,RI,Other,independent,0.003332555737,,,,JJCooley
11/3/1964,South Carolina,SC,Goldwater,republican,58.89365724,,,,JJCooley
11/3/1964,South Carolina,SC,Johnson,democrat,41.10481824,,,,JJCooley
11/3/1964,South Carolina,SC,Other,independent,0.001524518062,,,,JJCooley
11/3/1964,South Dakota,SD,Goldwater,republican,44.38758452,,,,JJCooley
11/3/1964,South Dakota,SD,Johnson,democrat,55.61241548,,,,JJCooley
11/3/1964,South Dakota,SD,Other,independent,0,,,,JJCooley
11/3/1964,Tennessee,TN,Goldwater,republican,44.4920477,,,,JJCooley
11/3/1964,Tennessee,TN,Johnson,democrat,55.50498013,,,,JJCooley
11/3/1964,Tennessee,TN,Other,independent,0.002972168267,,,,JJCooley
11/3/1964,Texas,TX,Goldwater,republican,36.49162425,,,,JJCooley
11/3/1964,Texas,TX,Johnson,democrat,63.31574674,,,,JJCooley
11/3/1964,Texas,TX,Other,independent,0.1926290091,,,,JJCooley
11/3/1964,Utah,UT,Goldwater,republican,45.13551997,,,,JJCooley
11/3/1964,Utah,UT,Johnson,democrat,54.86448003,,,,JJCooley
11/3/1964,Utah,UT,Other,independent,0,,,,JJCooley
11/3/1964,Vermont,VT,Goldwater,republican,33.68835421,,,,JJCooley
11/3/1964,Vermont,VT,Johnson,democrat,66.29938255,,,,JJCooley
11/3/1964,Vermont,VT,Other,independent,0.01226324277,,,,JJCooley
11/3/1964,Virginia,VA,Goldwater,republican,46.18144871,,,,JJCooley
11/3/1964,Virginia,VA,Johnson,democrat,53.54079137,,,,JJCooley
11/3/1964,Virginia,VA,Other,independent,0.2777599214,,,,JJCooley
11/3/1964,Washington,WA,Goldwater,republican,37.3734661,,,,JJCooley
11/3/1964,Washington,WA,Johnson,democrat,61.96633284,,,,JJCooley
11/3/1964,Washington,WA,Other,independent,0.6602010558,,,,JJCooley
11/3/1964,West Virginia,WV,Goldwater,republican,32.06315338,,,,JJCooley
11/3/1964,West Virginia,WV,Johnson,democrat,67.93684662,,,,JJCooley
11/3/1964,West Virginia,WV,Other,independent,0,,,,JJCooley
11/3/1964,Wisconsin,WI,Goldwater,republican,37.74023756,,,,JJCooley
11/3/1964,Wisconsin,WI,Johnson,democrat,62.08858534,,,,JJCooley
11/3/1964,Wisconsin,WI,Other,independent,0.1711771086,,,,JJCooley
11/3/1964,Wyoming,WY,Goldwater,republican,43.44152022,,,,JJCooley
11/3/1964,Wyoming,WY,Johnson,democrat,56.55847978,,,,JJCooley
11/3/1964,Wyoming,WY,Other,independent,0,,,,JJCooley
11/3/1964,National Popular Vote,NPV,Johnson,democrat,61.0533697461,,,,20210915
11/3/1964,National Popular Vote,NPV,Goldwater,republican,38.4699348071,,,,20210915
11/5/1968,Alabama,AL,Nixon,republican,13.99377284,,,,JJCooley
11/5/1968,Alabama,AL,Humphrey,democrat,18.72328956,,,,JJCooley
11/5/1968,Alabama,AL,Wallace,independent,65.8552057,,,,JJCooley
11/5/1968,Alabama,AL,Other,independent,1.427731906,,,,JJCooley
11/5/1968,Alaska,AK,Nixon,republican,45.28210995,,,,JJCooley
11/5/1968,Alaska,AK,Humphrey,democrat,42.64587222,,,,JJCooley
11/5/1968,Alaska,AK,Wallace,independent,12.07201782,,,,JJCooley
11/5/1968,Alaska,AK,Other,independent,0,,,,JJCooley
11/5/1968,Arizona,AZ,Nixon,republican,54.77537089,,,,JJCooley
11/5/1968,Arizona,AZ,Humphrey,democrat,35.0177436,,,,JJCooley
11/5/1968,Arizona,AZ,Wallace,independent,9.56450129,,,,JJCooley
11/5/1968,Arizona,AZ,Other,independent,0.6423842148,,,,JJCooley
11/5/1968,Arkansas,AR,Nixon,republican,31.01461638,,,,JJCooley
11/5/1968,Arkansas,AR,Humphrey,democrat,30.33202644,,,,JJCooley
11/5/1968,Arkansas,AR,Wallace,independent,38.65335717,,,,JJCooley
11/5/1968,Arkansas,AR,Other,independent,0,,,,JJCooley
11/5/1968,California,CA,Nixon,republican,47.81938078,,,,JJCooley
11/5/1968,California,CA,Humphrey,democrat,44.73942049,,,,JJCooley
11/5/1968,California,CA,Wallace,independent,6.719494643,,,,JJCooley
11/5/1968,California,CA,Other,independent,0.7217040904,,,,JJCooley
11/5/1968,Colorado,CO,Nixon,republican,50.46172394,,,,JJCooley
11/5/1968,Colorado,CO,Humphrey,democrat,41.31834482,,,,JJCooley
11/5/1968,Colorado,CO,Wallace,independent,7.496680839,,,,JJCooley
11/5/1968,Colorado,CO,Other,independent,0.7232503985,,,,JJCooley
11/5/1968,Connecticut,CN,Nixon,republican,44.31673449,,,,JJCooley
11/5/1968,Connecticut,CN,Humphrey,democrat,49.47820148,,,,JJCooley
11/5/1968,Connecticut,CN,Wallace,independent,6.101579963,,,,JJCooley
11/5/1968,Connecticut,CN,Other,independent,0.1034840698,,,,JJCooley
11/5/1968,Delaware,DE,Nixon,republican,45.11608596,,,,JJCooley
11/5/1968,Delaware,DE,Humphrey,democrat,41.60808333,,,,JJCooley
11/5/1968,Delaware,DE,Wallace,independent,13.2758307,,,,JJCooley
11/5/1968,Delaware,DE,Other,independent,0,,,,JJCooley
11/5/1968,District of Columbia,DC,Nixon,republican,18.18053911,,,,JJCooley
11/5/1968,District of Columbia,DC,Humphrey,democrat,81.81946089,,,,JJCooley
11/5/1968,District of Columbia,DC,Wallace,independent,0,,,,JJCooley
11/5/1968,District of Columbia,DC,Other,independent,0,,,,JJCooley
11/5/1968,Florida,FL,Nixon,republican,40.53395984,,,,JJCooley
11/5/1968,Florida,FL,Humphrey,democrat,30.93484109,,,,JJCooley
11/5/1968,Florida,FL,Wallace,independent,28.53119908,,,,JJCooley
11/5/1968,Florida,FL,Other,independent,0,,,,JJCooley
11/5/1968,Georgia,GA,Nixon,republican,30.40241037,,,,JJCooley
11/5/1968,Georgia,GA,Humphrey,democrat,26.7495077,,,,JJCooley
11/5/1968,Georgia,GA,Wallace,independent,42.83488474,,,,JJCooley
11/5/1968,Georgia,GA,Other,independent,0.01319719164,,,,JJCooley
11/5/1968,Hawaii,HI,Nixon,republican,38.7036551,,,,JJCooley
11/5/1968,Hawaii,HI,Humphrey,democrat,59.8277862,,,,JJCooley
11/5/1968,Hawaii,HI,Wallace,independent,1.468558704,,,,JJCooley
11/5/1968,Hawaii,HI,Other,independent,0,,,,JJCooley
11/5/1968,Idaho,ID,Nixon,republican,56.79212042,,,,JJCooley
11/5/1968,Idaho,ID,Humphrey,democrat,30.65872664,,,,JJCooley
11/5/1968,Idaho,ID,Wallace,independent,12.54915294,,,,JJCooley
11/5/1968,Idaho,ID,Other,independent,0,,,,JJCooley
11/5/1968,Illinois,IL,Nixon,republican,47.07558787,,,,JJCooley
11/5/1968,Illinois,IL,Humphrey,democrat,44.15421704,,,,JJCooley
11/5/1968,Illinois,IL,Wallace,independent,8.462754145,,,,JJCooley
11/5/1968,Illinois,IL,Other,independent,0.3074409454,,,,JJCooley
11/5/1968,Indiana,IN,Nixon,republican,50.28661276,,,,JJCooley
11/5/1968,Indiana,IN,Humphrey,democrat,37.9855029,,,,JJCooley
11/5/1968,Indiana,IN,Wallace,independent,11.4479348,,,,JJCooley
11/5/1968,Indiana,IN,Other,independent,0.2799495384,,,,JJCooley
11/5/1968,Iowa,IA,Nixon,republican,53.0087822,,,,JJCooley
11/5/1968,Iowa,IA,Humphrey,democrat,40.81568175,,,,JJCooley
11/5/1968,Iowa,IA,Wallace,independent,5.687151039,,,,JJCooley
11/5/1968,Iowa,IA,Other,independent,0.4883850159,,,,JJCooley
11/5/1968,Kansas,KS,Nixon,republican,54.84456045,,,,JJCooley
11/5/1968,Kansas,KS,Humphrey,democrat,34.7160749,,,,JJCooley
11/5/1968,Kansas,KS,Wallace,independent,10.18821402,,,,JJCooley
11/5/1968,Kansas,KS,Other,independent,0.2511506297,,,,JJCooley
11/5/1968,Kentucky,KY,Nixon,republican,43.79335785,,,,JJCooley
11/5/1968,Kentucky,KY,Humphrey,democrat,37.64974292,,,,JJCooley
11/5/1968,Kentucky,KY,Wallace,independent,18.28764846,,,,JJCooley
11/5/1968,Kentucky,KY,Other,independent,0.2692507669,,,,JJCooley
11/5/1968,Louisiana,LA,Nixon,republican,23.46667274,,,,JJCooley
11/5/1968,Louisiana,LA,Humphrey,democrat,28.21221924,,,,JJCooley
11/5/1968,Louisiana,LA,Wallace,independent,48.32110802,,,,JJCooley
11/5/1968,Louisiana,LA,Other,independent,0,,,,JJCooley
11/5/1968,Maine,ME,Nixon,republican,43.0741902,,,,JJCooley
11/5/1968,Maine,ME,Humphrey,democrat,55.30468066,,,,JJCooley
11/5/1968,Maine,ME,Wallace,independent,1.621129141,,,,JJCooley
11/5/1968,Maine,ME,Other,independent,0,,,,JJCooley
11/5/1968,Maryland,MD,Nixon,republican,41.94159051,,,,JJCooley
11/5/1968,Maryland,MD,Humphrey,democrat,43.58647784,,,,JJCooley
11/5/1968,Maryland,MD,Wallace,independent,14.47193166,,,,JJCooley
11/5/1968,Maryland,MD,Other,independent,0,,,,JJCooley
11/5/1968,Massachusetts,MA,Nixon,republican,32.88703087,,,,JJCooley
11/5/1968,Massachusetts,MA,Humphrey,democrat,63.00918794,,,,JJCooley
11/5/1968,Massachusetts,MA,Wallace,independent,3.734874035,,,,JJCooley
11/5/1968,Massachusetts,MA,Other,independent,0.3689071565,,,,JJCooley
11/5/1968,Michigan,MI,Nixon,republican,41.45678639,,,,JJCooley
11/5/1968,Michigan,MI,Humphrey,democrat,48.18395463,,,,JJCooley
11/5/1968,Michigan,MI,Wallace,independent,10.04062004,,,,JJCooley
11/5/1968,Michigan,MI,Other,independent,0.3186389414,,,,JJCooley
11/5/1968,Minnesota,MN,Nixon,republican,41.46294326,,,,JJCooley
11/5/1968,Minnesota,MN,Humphrey,democrat,53.99638655,,,,JJCooley
11/5/1968,Minnesota,MN,Wallace,independent,4.339349453,,,,JJCooley
11/5/1968,Minnesota,MN,Other,independent,0.2013207345,,,,JJCooley
11/5/1968,Mississippi,MS,Nixon,republican,13.52403099,,,,JJCooley
11/5/1968,Mississippi,MS,Humphrey,democrat,23.01633744,,,,JJCooley
11/5/1968,Mississippi,MS,Wallace,independent,63.45963157,,,,JJCooley
11/5/1968,Mississippi,MS,Other,independent,0,,,,JJCooley
11/5/1968,Missouri,MO,Nixon,republican,44.87046712,,,,JJCooley
11/5/1968,Missouri,MO,Humphrey,democrat,43.7382219,,,,JJCooley
11/5/1968,Missouri,MO,Wallace,independent,11.39131098,,,,JJCooley
11/5/1968,Missouri,MO,Other,independent,0,,,,JJCooley
11/5/1968,Montana,MT,Nixon,republican,50.59510794,,,,JJCooley
11/5/1968,Montana,MT,Humphrey,democrat,41.58722176,,,,JJCooley
11/5/1968,Montana,MT,Wallace,independent,7.293989884,,,,JJCooley
11/5/1968,Montana,MT,Other,independent,0.5236804128,,,,JJCooley
11/5/1968,Nebraska,NE,Nixon,republican,59.8234892,,,,JJCooley
11/5/1968,Nebraska,NE,Humphrey,democrat,31.8121788,,,,JJCooley
11/5/1968,Nebraska,NE,Wallace,independent,8.364332003,,,,JJCooley
11/5/1968,Nebraska,NE,Other,independent,0,,,,JJCooley
11/5/1968,Nevada,NV,Nixon,republican,47.45749523,,,,JJCooley
11/5/1968,Nevada,NV,Humphrey,democrat,39.29372706,,,,JJCooley
11/5/1968,Nevada,NV,Wallace,independent,13.2487777,,,,JJCooley
11/5/1968,Nevada,NV,Other,independent,0,,,,JJCooley
11/5/1968,New Hampshire,NH,Nixon,republican,52.10343795,,,,JJCooley
11/5/1968,New Hampshire,NH,Humphrey,democrat,43.92513934,,,,JJCooley
11/5/1968,New Hampshire,NH,Wallace,independent,3.758169385,,,,JJCooley
11/5/1968,New Hampshire,NH,Other,independent,0.2132533241,,,,JJCooley
11/5/1968,New Jersey,NJ,Nixon,republican,46.09686669,,,,JJCooley
11/5/1968,New Jersey,NJ,Humphrey,democrat,43.96634202,,,,JJCooley
11/5/1968,New Jersey,NJ,Wallace,independent,9.118295052,,,,JJCooley
11/5/1968,New Jersey,NJ,Other,independent,0.8184962414,,,,JJCooley
11/5/1968,New Mexico,NM,Nixon,republican,51.84902271,,,,JJCooley
11/5/1968,New Mexico,NM,Humphrey,democrat,39.74596753,,,,JJCooley
11/5/1968,New Mexico,NM,Wallace,independent,7.863884552,,,,JJCooley
11/5/1968,New Mexico,NM,Other,independent,0.5411252104,,,,JJCooley
11/5/1968,New York,NY,Nixon,republican,44.29900976,,,,JJCooley
11/5/1968,New York,NY,Humphrey,democrat,49.75607012,,,,JJCooley
11/5/1968,New York,NY,Wallace,independent,5.285132722,,,,JJCooley
11/5/1968,New York,NY,Other,independent,0.6597874012,,,,JJCooley
11/5/1968,North Carolina,NC,Nixon,republican,39.50833169,,,12,JJCooley
11/5/1968,North Carolina,NC,Humphrey,democrat,29.23559348,,,,JJCooley
11/5/1968,North Carolina,NC,Wallace,independent,31.25607483,,,1,JJCooley
11/5/1968,North Carolina,NC,Other,independent,0,,,,JJCooley
11/5/1968,North Dakota,ND,Nixon,republican,55.9415367,,,,JJCooley
11/5/1968,North Dakota,ND,Humphrey,democrat,38.23149724,,,,JJCooley
11/5/1968,North Dakota,ND,Wallace,independent,5.746282505,,,,JJCooley
11/5/1968,North Dakota,ND,Other,independent,0.08068355104,,,,JJCooley
11/5/1968,Ohio,OH,Nixon,republican,45.2310757,,,,JJCooley
11/5/1968,Ohio,OH,Humphrey,democrat,42.94736619,,,,JJCooley
11/5/1968,Ohio,OH,Wallace,independent,11.80632967,,,,JJCooley
11/5/1968,Ohio,OH,Other,independent,0.01522843409,,,,JJCooley
11/5/1968,Oklahoma,OK,Nixon,republican,47.68356226,,,,JJCooley
11/5/1968,Oklahoma,OK,Humphrey,democrat,31.98626636,,,,JJCooley
11/5/1968,Oklahoma,OK,Wallace,independent,20.33017137,,,,JJCooley
11/5/1968,Oklahoma,OK,Other,independent,0,,,,JJCooley
11/5/1968,Oregon,OR,Nixon,republican,49.83187372,,,,JJCooley
11/5/1968,Oregon,OR,Humphrey,democrat,43.78432985,,,,JJCooley
11/5/1968,Oregon,OR,Wallace,independent,6.061696733,,,,JJCooley
11/5/1968,Oregon,OR,Other,independent,0.3220996996,,,,JJCooley
11/5/1968,Pennsylvania,PA,Nixon,republican,44.01955969,,,,JJCooley
11/5/1968,Pennsylvania,PA,Humphrey,democrat,47.58717908,,,,JJCooley
11/5/1968,Pennsylvania,PA,Wallace,independent,7.973625548,,,,JJCooley
11/5/1968,Pennsylvania,PA,Other,independent,0.4196356811,,,,JJCooley
11/5/1968,Rhode Island,RI,Nixon,republican,31.78155844,,,,JJCooley
11/5/1968,Rhode Island,RI,Humphrey,democrat,64.03064935,,,,JJCooley
11/5/1968,Rhode Island,RI,Wallace,independent,4.072207792,,,,JJCooley
11/5/1968,Rhode Island,RI,Other,independent,0.1155844156,,,,JJCooley
11/5/1968,South Carolina,SC,Nixon,republican,38.09128282,,,,JJCooley
11/5/1968,South Carolina,SC,Humphrey,democrat,29.60889499,,,,JJCooley
11/5/1968,South Carolina,SC,Wallace,independent,32.29922247,,,,JJCooley
11/5/1968,South Carolina,SC,Other,independent,0.0005997163342,,,,JJCooley
11/5/1968,South Dakota,SD,Nixon,republican,53.27414813,,,,JJCooley
11/5/1968,South Dakota,SD,Humphrey,democrat,41.96164458,,,,JJCooley
11/5/1968,South Dakota,SD,Wallace,independent,4.764207293,,,,JJCooley
11/5/1968,South Dakota,SD,Other,independent,0,,,,JJCooley
11/5/1968,Tennessee,TN,Nixon,republican,37.8492364,,,,JJCooley
11/5/1968,Tennessee,TN,Humphrey,democrat,28.12976277,,,,JJCooley
11/5/1968,Tennessee,TN,Wallace,independent,34.02100084,,,,JJCooley
11/5/1968,Tennessee,TN,Other,independent,0,,,,JJCooley
11/5/1968,Texas,TX,Nixon,republican,39.87275468,,,,JJCooley
11/5/1968,Texas,TX,Humphrey,democrat,41.13793374,,,,JJCooley
11/5/1968,Texas,TX,Wallace,independent,18.97343189,,,,JJCooley
11/5/1968,Texas,TX,Other,independent,0.01587968589,,,,JJCooley
11/5/1968,Utah,UT,Nixon,republican,56.49457602,,,,JJCooley
11/5/1968,Utah,UT,Humphrey,democrat,37.07450635,,,,JJCooley
11/5/1968,Utah,UT,Wallace,independent,6.367259234,,,,JJCooley
11/5/1968,Utah,UT,Other,independent,0.06365839344,,,,JJCooley
11/5/1968,Vermont,VT,Nixon,republican,52.75086119,,,,JJCooley
11/5/1968,Vermont,VT,Humphrey,democrat,43.52742187,,,,JJCooley
11/5/1968,Vermont,VT,Wallace,independent,3.162251245,,,,JJCooley
11/5/1968,Vermont,VT,Other,independent,0.5594656886,,,,JJCooley
11/5/1968,Virginia,VA,Nixon,republican,43.35827413,,,,JJCooley
11/5/1968,Virginia,VA,Humphrey,democrat,32.49283322,,,,JJCooley
11/5/1968,Virginia,VA,Wallace,independent,23.63827598,,,,JJCooley
11/5/1968,Virginia,VA,Other,independent,0.5106166695,,,,JJCooley
11/5/1968,Washington,WA,Nixon,republican,45.12141172,,,,JJCooley
11/5/1968,Washington,WA,Humphrey,democrat,47.23192318,,,,JJCooley
11/5/1968,Washington,WA,Wallace,independent,7.436280985,,,,JJCooley
11/5/1968,Washington,WA,Other,independent,0.210384112,,,,JJCooley
11/5/1968,West Virginia,WV,Nixon,republican,40.77864668,,,,JJCooley
11/5/1968,West Virginia,WV,Humphrey,democrat,49.60063961,,,,JJCooley
11/5/1968,West Virginia,WV,Wallace,independent,9.620713704,,,,JJCooley
11/5/1968,West Virginia,WV,Other,independent,0,,,,JJCooley
11/5/1968,Wisconsin,WI,Nixon,republican,47.88523817,,,,JJCooley
11/5/1968,Wisconsin,WI,Humphrey,democrat,44.26764282,,,,JJCooley
11/5/1968,Wisconsin,WI,Wallace,independent,7.557323572,,,,JJCooley
11/5/1968,Wisconsin,WI,Other,independent,0.2897954406,,,,JJCooley
11/5/1968,Wyoming,WY,Nixon,republican,55.75802838,,,,JJCooley
11/5/1968,Wyoming,WY,Humphrey,democrat,35.51196887,,,,JJCooley
11/5/1968,Wyoming,WY,Wallace,independent,8.730002751,,,,JJCooley
11/5/1968,Wyoming,WY,Other,independent,0,,,,JJCooley
11/5/1968,National Popular Vote,NPV,Nixon,republican,43.4204691724,,,,20210915
11/5/1968,National Popular Vote,NPV,Humphrey,democrat,42.7210921137,,,,20210915
11/5/1968,National Popular Vote,NPV,Wallace,independent,13.5261176711,,,,20210915
11/07/1972,Alabama,FALSE,Duchey,republican,15,null,FALSE
11/07/1972,Alaska,FALSE,Duchey,republican,15,null,FALSE
11/07/1972,Arizona,FALSE,Duchey,republican,15,null,FALSE
11/07/1972,Arkansas,FALSE,Duchey,republican,1,null,TRUE
11/07/1972,California,FALSE,Donnelly,democrat,15,null,FALSE
11/07/1972,Colorado,FALSE,Duchey,republican,5,null,FALSE
11/07/1972,Connecticut,FALSE,Donnelly,democrat,15,null,FALSE
11/07/1972,Delaware,FALSE,Donnelly,democrat,15,null,FALSE
11/07/1972,District of Columbia,FALSE,Donnelly,democrat,15,null,FALSE
11/07/1972,District of Columbia,FALSE,Independent,INDGEN,0,null,FALSE
11/07/1972,District of Columbia,FALSE,Duchey,republican,0,null,FALSE
11/07/1972,Florida,FALSE,Duchey,republican,1,null,TRUE
11/07/1972,Georgia,FALSE,Duchey,republican,15,null,FALSE
11/07/1972,Hawaii,FALSE,Duchey,republican,1,null,TRUE
11/07/1972,Idaho,FALSE,Duchey,republican,15,null,FALSE
11/07/1972,Illinois,FALSE,Donnelly,democrat,15,null,FALSE
11/07/1972,Indiana,FALSE,Duchey,republican,5,null,FALSE
11/07/1972,Iowa,FALSE,Duchey,republican,47.44,null,TRUE
11/07/1972,Iowa,FALSE,Donnelly,democrat,46.90,null,TRUE
11/07/1972,Iowa,FALSE,Starker,CUSTOM1,5.66,null,FALSE
11/07/1972,Kansas,FALSE,Duchey,republican,15,null,FALSE
11/07/1972,Kentucky,FALSE,Duchey,republican,15,null,FALSE
11/07/1972,Louisiana,FALSE,Duchey,republican,5,null,TRUE
11/07/1972,Maine 1st CD,ME-1,Donnelly,democrat,15,null,FALSE
11/07/1972,Maine 2nd CD,ME-2,Duchey,republican,5,null,FALSE
11/07/1972,Maine,FALSE,Donnelly,democrat,5,null,FALSE
11/07/1972,Maryland,FALSE,Donnelly,democrat,5,null,FALSE
11/07/1972,Massachusetts,FALSE,Donnelly,democrat,15,null,FALSE
11/07/1972,Michigan,FALSE,Duchey,republican,47.73,null,TRUE
11/07/1972,Michigan,FALSE,Donnelly,democrat,47.45,null,TRUE 
11/07/1972,Michigan,FALSE,Starker,CUSTOM1,4.82,null,FALSE
11/07/1972,Minnesota,FALSE,Donnelly,democrat,5,null,FALSE
11/07/1972,Mississippi,FALSE,Duchey,republican,15,null,FALSE
11/07/1972,Missouri,FALSE,Duchey,republican,5,null,TRUE
11/07/1972,Montana,FALSE,Duchey,republican,15,null,FALSE
11/07/1972,NE-1,TRUE,Independent,INDGEN,0,null,FALSE
11/07/1972,NE-2,TRUE,Independent,INDGEN,0,null,FALSE
11/07/1972,NE-3,TRUE,Independent,INDGEN,0,null,FALSE
11/07/1972,Nebraska,FALSE,Duchey,republican,15,null,FALSE
11/07/1972,Nevada,FALSE,Duchey,republican,15,null,FALSE
11/07/1972,New Hampshire,FALSE,Duchey,republican,1,null,TRUE
11/07/1972,New Hampshire,FALSE,Donnelly,democrat,0,null,TRUE
11/07/1972,New Jersey,FALSE,Donnelly,democrat,15,null,FALSE
11/07/1972,New Mexico,FALSE,Duchey,republican,46.495,null,TRUE
11/07/1972,New Mexico,FALSE,Donnelly,democrat,46.075,null,TRUE
11/07/1972,New Mexico,FALSE,Starker,CUSTOM1,7.43,null,FALSE
11/07/1972,New York,FALSE,Donnelly,democrat,15,null,FALSE
11/07/1972,North Carolina,FALSE,Duchey,republican,5,null,FALSE
11/07/1972,North Dakota,FALSE,Duchey,republican,15,null,FALSE
11/07/1972,Ohio,FALSE,Duchey,republican,48.07,null,TRUE
11/07/1972,Ohio,FALSE,Donnelly,democrat,47.15,null,TRUE 
11/07/1972,Ohio,FALSE,Starker,CUSTOM1,4.78,null,FALSE
11/07/1972,Oklahoma,FALSE,Duchey,republican,15,null,FALSE
11/07/1972,Oregon,FALSE,Donnelly,democrat,5,null,FALSE
11/07/1972,Pennsylvania,FALSE,Donnelly,democrat,1,null,FALSE
11/07/1972,Rhode Island,FALSE,Donnelly,democrat,51,null,FALSE
11/07/1972,South Carolina,FALSE,Duchey,republican,15,null,FALSE
11/07/1972,South Dakota,FALSE,Duchey,republican,15,null,FALSE
11/07/1972,Tennessee,FALSE,Duchey,republican,15,null,FALSE
11/07/1972,Texas,FALSE,Duchey,republican,15,null,FALSE
11/07/1972,Utah,FALSE,Duchey,republican,15,null,FALSE
11/07/1972,Vermont,FALSE,Donnelly,democrat,15,null,FALSE
11/07/1972,Virginia,FALSE,Duchey,republican,1,null,TRUE
11/07/1972,Washington,FALSE,Donnelly,democrat,15,null,FALSE
11/07/1972,West Virginia,FALSE,Duchey,republican,15,null,FALSE
11/07/1972,Wisconsin,FALSE,Duchey,republican,47.84,null,TRUE
11/07/1972,Wisconsin,FALSE,Donnelly,democrat,47.14,null,TRUE
11/07/1972,Wisconsin,FALSE,Starker,CUSTOM1,5.02,null,FALSE
11/07/1972,Wyoming,FALSE,Duchey,republican,15,null,FALSE
11/07/1972,National Popular Vote,FALSE,Donnelly,democrat,48,null,FALSE
11/07/1972,National Popular Vote,FALSE,Duchey,republican,47,null,FALSE
11/07/1972,National Popular Vote,FALSE,Starker,CUSTOM1,5,null,FALSE
11/2/1976,Alabama,FALSE,Duchey,republican,15,null,FALSE
11/2/1976,Alaska,FALSE,Duchey,republican,15,null,FALSE
11/2/1976,Alaska,FALSE,Independent,INDGEN,0,null,FALSE
11/2/1976,Alaska,FALSE,Kingston,democrat,0,null,FALSE
11/2/1976,Arizona,FALSE,Duchey,republican,15,null,FALSE
11/2/1976,Arkansas,FALSE,Duchey,republican,5,null,FALSE
11/2/1976,California,FALSE,Kingston,democrat,15,null,FALSE
11/2/1976,Colorado,FALSE,Duchey,republican,5,null,FALSE
11/2/1976,Connecticut,FALSE,Kingston,democrat,15,null,FALSE
11/2/1976,Delaware,FALSE,Kingston,democrat,15,null,FALSE
11/2/1976,District of Columbia,FALSE,Kingston,democrat,15,null,FALSE
11/2/1976,Florida,FALSE,Kingston,democrat,1,null,TRUE
11/2/1976,Georgia,FALSE,Duchey,republican,5,null,FALSE
11/2/1976,Hawaii,FALSE,Kingston,democrat,5,null,TRUE
11/2/1976,Hawaii,FALSE,Duchey,republican,0,null,TRUE
11/2/1976,Idaho,FALSE,Duchey,republican,15,null,FALSE
11/2/1976,Illinois,FALSE,Kingston,democrat,15,null,FALSE
11/2/1976,Indiana,FALSE,Duchey,republican,5,null,FALSE
11/2/1976,Iowa,FALSE,Kingston,democrat,50.38,null,TRUE
11/2/1976,Iowa,FALSE,Duchey,republican,49.62,null,TRUE
11/2/1976,Kansas,FALSE,Duchey,republican,15,null,FALSE
11/2/1976,Kentucky,FALSE,Duchey,republican,15,null,FALSE
11/2/1976,Louisiana,FALSE,Duchey,republican,5,null,FALSE
11/2/1976,Maine 1st CD,ME-1,Kingston,democrat,15,null,FALSE
11/2/1976,Maine 2nd CD,ME-2,Duchey,republican,5,null,FALSE
11/2/1976,Maine,FALSE,Kingston,democrat,5,null,FALSE
11/2/1976,Maryland,FALSE,Kingston,democrat,15,null,FALSE
11/2/1976,Massachusetts,FALSE,Kingston,democrat,15,null,FALSE
11/2/1976,Michigan,FALSE,Kingston,democrat,1,null,TRUE
11/2/1976,Minnesota,FALSE,Kingston,democrat,5,null,FALSE
11/2/1976,Mississippi,FALSE,Duchey,republican,15,null,FALSE
11/2/1976,Missouri,FALSE,Duchey,republican,5,null,FALSE
11/2/1976,Montana,FALSE,Duchey,republican,15,null,FALSE
11/2/1976,NE-1,TRUE,Independent,INDGEN,0,null,FALSE
11/2/1976,NE-2,TRUE,Independent,INDGEN,0,null,FALSE
11/2/1976,NE-3,TRUE,Independent,INDGEN,0,null,FALSE
11/2/1976,Nebraska,FALSE,Duchey,republican,15,null,FALSE
11/2/1976,Nevada,FALSE,Duchey,republican,5,null,FALSE
11/2/1976,New Hampshire,FALSE,Kingston,democrat,1,null,TRUE
11/2/1976,New Jersey,FALSE,Kingston,democrat,15,null,FALSE
11/2/1976,New Mexico,FALSE,Kingston,democrat,1,null,TRUE
11/2/1976,New York,FALSE,Kingston,democrat,15,null,FALSE
11/2/1976,North Carolina,FALSE,Kingston,democrat,50.17,null,TRUE
11/2/1976,North Carolina,FALSE,Duchey,republican,49.83,null,TRUE
11/2/1976,North Dakota,FALSE,Duchey,republican,15,null,FALSE
11/2/1976,Ohio,FALSE,Kingston,democrat,50.40,null,TRUE
11/2/1976,Ohio,FALSE,Duchey,republican,49.80,null,TRUE
11/2/1976,Oklahoma,FALSE,Duchey,republican,15,null,FALSE
11/2/1976,Oregon,FALSE,Kingston,democrat,15,null,FALSE
11/2/1976,Pennsylvania,FALSE,Kingston,democrat,5,null,FALSE
11/2/1976,Rhode Island,FALSE,Kingston,democrat,15,null,FALSE
11/2/1976,Rhode Island,FALSE,Duchey,republican,0,null,FALSE
11/2/1976,South Carolina,FALSE,Duchey,republican,15,null,FALSE
11/2/1976,South Dakota,FALSE,Duchey,republican,15,null,FALSE
11/2/1976,Tennessee,FALSE,Duchey,republican,15,null,FALSE
11/2/1976,Texas,FALSE,Duchey,republican,15,null,FALSE
11/2/1976,Utah,FALSE,Duchey,republican,15,null,FALSE
11/2/1976,Vermont,FALSE,Kingston,democrat,15,null,FALSE
11/2/1976,Virginia,FALSE,Kingston,democrat,1,null,TRUE
11/2/1976,Washington,FALSE,Kingston,democrat,15,null,FALSE
11/2/1976,West Virginia,FALSE,Duchey,republican,15,null,FALSE
11/2/1976,Wisconsin,FALSE,Kingston,democrat,50.32,null,TRUE
11/2/1976,Wisconsin,FALSE,Duchey,republican,49.68,null,TRUE
11/2/1976,Wyoming,FALSE,Duchey,republican,15,null,FALSE
11/2/1976,National Popular Vote,FALSE,Kingston,democrat,52,undefined,FALSE
11/2/1976,National Popular Vote,FALSE,Duchey,republican,48,undefined,FALSE
11/4/1980,Alabama,FALSE,Dolan,republican,15,null,FALSE
11/4/1980,Alaska,FALSE,Dolan,republican,15,null,FALSE
11/4/1980,Arizona,FALSE,Thatcher,CUSTOM2,1,null,TRUE
11/4/1980,Arkansas,FALSE,Dolan,republican,5,null,FALSE
11/4/1980,California,FALSE,Kingston,democrat,15,null,FALSE
11/4/1980,Colorado,FALSE,Thatcher,CUSTOM2,1,null,TRUE
11/4/1980,Colorado,FALSE,Kingston,democrat,0,null,TRUE
11/4/1980,Connecticut,FALSE,Kingston,democrat,15,null,FALSE
11/4/1980,Delaware,FALSE,Kingston,democrat,15,null,FALSE
11/4/1980,District of Columbia,FALSE,Kingston,democrat,15,null,FALSE
11/4/1980,Florida,FALSE,Kingston,democrat,50.44,null,FALSE
11/4/1980,Florida,FALSE,Dolan,republican,49.56,null,FALSE
11/4/1980,Florida,FALSE,Thatcher,CUSTOM2,0,null,FALSE
11/4/1980,Georgia,FALSE,Dolan,republican,5,null,FALSE
11/4/1980,Hawaii,FALSE,Kingston,democrat,5,null,FALSE
11/4/1980,Idaho,FALSE,Thatcher,CUSTOM2,5,null,TRUE
11/4/1980,Idaho,FALSE,Kingston,democrat,0,null,TRUE
11/4/1980,Illinois,FALSE,Kingston,democrat,15,null,FALSE
11/4/1980,Indiana,FALSE,Dolan,republican,5,null,FALSE
11/4/1980,Iowa,FALSE,Kingston,democrat,1,null,FALSE
11/4/1980,Kansas,FALSE,Thatcher,CUSTOM2,1,null,TRUE
11/4/1980,Kansas,FALSE,Kingston,democrat,0,null,TRUE
11/4/1980,Kentucky,FALSE,Dolan,republican,15,null,FALSE
11/4/1980,Louisiana,FALSE,Dolan,republican,5,null,FALSE
11/4/1980,Maine 1st CD,ME-1,Kingston,democrat,15,null,FALSE
11/4/1980,Maine 2nd CD,ME-2,Dolan,republican,1,null,FALSE
11/4/1980,Maine,FALSE,Kingston,democrat,5,null,FALSE
11/4/1980,Maryland,FALSE,Kingston,democrat,15,null,FALSE
11/4/1980,Massachusetts,FALSE,Kingston,democrat,15,null,FALSE
11/4/1980,Michigan,FALSE,Kingston,democrat,1,null,FALSE
11/4/1980,Minnesota,FALSE,Kingston,democrat,5,null,FALSE
11/4/1980,Mississippi,FALSE,Dolan,republican,15,null,FALSE
11/4/1980,Missouri,FALSE,Dolan,republican,5,null,FALSE
11/4/1980,Missouri,FALSE,Kingston,democrat,0,null,FALSE
11/4/1980,Montana,FALSE,Thatcher,CUSTOM2,1,null,TRUE
11/4/1980,Montana,FALSE,Kingston,democrat,0,null,TRUE
11/4/1980,NE-1,TRUE,Independent,INDGEN,0,null,FALSE
11/4/1980,NE-2,TRUE,Independent,INDGEN,0,null,FALSE
11/4/1980,NE-3,TRUE,Independent,INDGEN,0,null,FALSE
11/4/1980,Nebraska,FALSE,Thatcher,CUSTOM2,1,null,TRUE
11/4/1980,Nebraska,FALSE,Kingston,democrat,0,null,TRUE
11/4/1980,Nevada,FALSE,Dolan,republican,1,null,FALSE
11/4/1980,Nevada,FALSE,Thatcher,CUSTOM2,0,null,FALSE
11/4/1980,Nevada,FALSE,Kingston,democrat,0,null,FALSE
11/4/1980,New Hampshire,FALSE,Kingston,democrat,1,null,FALSE
11/4/1980,New Jersey,FALSE,Kingston,democrat,15,null,FALSE
11/4/1980,New Mexico,FALSE,Thatcher,CUSTOM2,50.14,null,TRUE
11/4/1980,New Mexico,FALSE,Kingston,democrat,49.86,null,TRUE
11/4/1980,New York,FALSE,Kingston,democrat,15,null,FALSE
11/4/1980,North Carolina,FALSE,Kingston,democrat,1,null,FALSE
11/4/1980,North Dakota,FALSE,Thatcher,CUSTOM2,1,null,TRUE
11/4/1980,North Dakota,FALSE,Kingston,democrat,0,null,TRUE
11/4/1980,Ohio,FALSE,Kingston,democrat,1,null,FALSE
11/4/1980,Oklahoma,FALSE,Thatcher,CUSTOM2,1,null,TRUE
11/4/1980,Oklahoma,FALSE,Kingston,democrat,0,null,TRUE
11/4/1980,Oregon,FALSE,Kingston,democrat,15,null,FALSE
11/4/1980,Pennsylvania,FALSE,Kingston,democrat,5,null,FALSE
11/4/1980,Rhode Island,FALSE,Kingston,democrat,15,null,FALSE
11/4/1980,South Carolina,FALSE,Dolan,republican,15,null,FALSE
11/4/1980,South Dakota,FALSE,Thatcher,CUSTOM2,1,null,TRUE
11/4/1980,South Dakota,FALSE,Kingston,democrat,0,null,TRUE
11/4/1980,Tennessee,FALSE,Dolan,republican,15,null,FALSE
11/4/1980,Texas,FALSE,Dolan,republican,5,null,FALSE
11/4/1980,Texas,FALSE,Kingston,democrat,0,null,FALSE
11/4/1980,Utah,FALSE,Thatcher,CUSTOM2,5,null,TRUE
11/4/1980,Utah,FALSE,Kingston,democrat,0,null,TRUE
11/4/1980,Vermont,FALSE,Kingston,democrat,15,null,FALSE
11/4/1980,Virginia,FALSE,Kingston,democrat,1,null,FALSE
11/4/1980,Washington,FALSE,Kingston,democrat,15,null,FALSE
11/4/1980,West Virginia,FALSE,Dolan,republican,15,null,FALSE
11/4/1980,Wisconsin,FALSE,Kingston,democrat,1,null,FALSE
11/4/1980,Wyoming,FALSE,Thatcher,CUSTOM2,5,null,TRUE
11/4/1980,Wyoming,FALSE,Kingston,democrat,0,null,TRUE
11/4/1980,National Popular Vote,FALSE,Kingston,democrat,37,null,FALSE
11/4/1980,National Popular Vote,FALSE,Dolan,republican,33,null,FALSE
11/4/1980,National Popular Vote,FALSE,Thatcher,CUSTOM2,30,null,FALSE
11/6/1984,Alabama,FALSE,Dolan,republican,15,undefined,FALSE
11/6/1984,Alaska,FALSE,Independent,INDGEN,0,undefined,FALSE
11/6/1984,Alaska,FALSE,Kingston,democrat,0,undefined,FALSE
11/6/1984,Alaska,FALSE,Dolan,republican,15,undefined,FALSE
11/6/1984,Alaska,FALSE,Thatcher,CUSTOM2,0,undefined,FALSE
11/6/1984,Arizona,FALSE,Dolan,republican,15,undefined,TRUE
11/6/1984,Arkansas,FALSE,Dolan,republican,5,undefined,FALSE
11/6/1984,California,FALSE,Kingston,democrat,15,undefined,FALSE
11/6/1984,Colorado,FALSE,Dolan,republican,5,undefined,TRUE
11/6/1984,Connecticut,FALSE,Kingston,democrat,15,undefined,FALSE
11/6/1984,Delaware,FALSE,Kingston,democrat,15,undefined,FALSE
11/6/1984,District of Columbia,FALSE,Kingston,democrat,15,undefined,FALSE
11/6/1984,Florida,FALSE,Kingston,democrat,1,undefined,FALSE
11/6/1984,Georgia,FALSE,Dolan,republican,5,undefined,FALSE
11/6/1984,Hawaii,FALSE,Kingston,democrat,5,undefined,FALSE
11/6/1984,Idaho,FALSE,Dolan,republican,15,undefined,TRUE
11/6/1984,Illinois,FALSE,Kingston,democrat,15,undefined,FALSE
11/6/1984,Indiana,FALSE,Dolan,republican,5,undefined,FALSE
11/6/1984,Iowa,FALSE,Kingston,democrat,1,undefined,FALSE
11/6/1984,Kansas,FALSE,Dolan,republican,15,undefined,TRUE
11/6/1984,Kentucky,FALSE,Dolan,republican,15,undefined,FALSE
11/6/1984,Louisiana,FALSE,Dolan,republican,5,undefined,FALSE
11/6/1984,Maine 1st CD,ME-1,Kingston,democrat,15,undefined,FALSE
11/6/1984,Maine 2nd CD,ME-2,Kingston,democrat,1,undefined,FALSE
11/6/1984,Maine,FALSE,Kingston,democrat,5,undefined,FALSE
11/6/1984,Maryland,FALSE,Kingston,democrat,15,undefined,FALSE
11/6/1984,Massachusetts,FALSE,Kingston,democrat,15,undefined,FALSE
11/6/1984,Michigan,FALSE,Kingston,democrat,1,undefined,FALSE
11/6/1984,Minnesota,FALSE,Kingston,democrat,5,undefined,FALSE
11/6/1984,Mississippi,FALSE,Dolan,republican,15,undefined,FALSE
11/6/1984,Missouri,FALSE,Dolan,republican,5,undefined,FALSE
11/6/1984,Montana,FALSE,Dolan,republican,15,undefined,TRUE
11/6/1984,NE-1,TRUE,Independent,INDGEN,0,null,FALSE
11/6/1984,NE-2,TRUE,Independent,INDGEN,0,null,FALSE
11/6/1984,NE-3,TRUE,Independent,INDGEN,0,null,FALSE
11/6/1984,Nebraska,FALSE,Dolan,republican,15,undefined,TRUE
11/6/1984,Nevada,FALSE,Dolan,republican,5,undefined,TRUE
11/6/1984,New Hampshire,FALSE,Kingston,democrat,50.17,undefined,FALSE
11/6/1984,New Hampshire,FALSE,Dolan,republican,49.83,undefined,FALSE
11/6/1984,New Jersey,FALSE,Kingston,democrat,15,undefined,FALSE
11/6/1984,New Mexico,FALSE,Kingston,democrat,1,undefined,TRUE
11/6/1984,New York,FALSE,Kingston,democrat,15,undefined,FALSE
11/6/1984,North Carolina,FALSE,Dolan,republican,1,undefined,TRUE
11/6/1984,North Carolina,FALSE,Kingston,democrat,0,undefined,TRUE
11/6/1984,North Dakota,FALSE,Dolan,republican,15,undefined,TRUE
11/6/1984,Ohio,FALSE,Kingston,democrat,50.26,undefined,FALSE
11/6/1984,Ohio,FALSE,Dolan,republican,49.74,undefined,FALSE
11/6/1984,Oklahoma,FALSE,Dolan,republican,15,undefined,TRUE
11/6/1984,Oregon,FALSE,Kingston,democrat,15,undefined,FALSE
11/6/1984,Pennsylvania,FALSE,Kingston,democrat,5,undefined,FALSE
11/6/1984,Rhode Island,FALSE,Kingston,democrat,51,undefined,FALSE
11/6/1984,South Carolina,FALSE,Dolan,republican,15,undefined,FALSE
11/6/1984,South Dakota,FALSE,Dolan,republican,15,undefined,TRUE
11/6/1984,Tennessee,FALSE,Dolan,republican,15,undefined,FALSE
11/6/1984,Texas,FALSE,Dolan,republican,15,undefined,FALSE
11/6/1984,Utah,FALSE,Dolan,republican,15,undefined,TRUE
11/6/1984,Vermont,FALSE,Kingston,democrat,15,undefined,FALSE
11/6/1984,Virginia,FALSE,Kingston,democrat,1,undefined,FALSE
11/6/1984,Washington,FALSE,Kingston,democrat,15,undefined,FALSE
11/6/1984,West Virginia,FALSE,Dolan,republican,15,undefined,FALSE
11/6/1984,Wisconsin,FALSE,Kingston,democrat,1,undefined,FALSE
11/6/1984,Wyoming,FALSE,Thatcher,CUSTOM2,1,undefined,FALSE
11/6/1984,National Popular Vote,FALSE,Thatcher,CUSTOM2,9,undefined,FALSE
11/6/1984,National Popular Vote,FALSE,Kingston,democrat,47,undefined,FALSE
11/6/1984,National Popular Vote,FALSE,Dolan,republican,44,undefined,FALSE
11/8/1988,Alabama,FALSE,Tester,republican,15,undefined,FALSE
11/8/1988,Alaska,FALSE,Tester,republican,15,undefined,FALSE
11/8/1988,Arizona,FALSE,Tester,republican,5,undefined,FALSE
11/8/1988,Arkansas,FALSE,Tester,republican,15,undefined,FALSE
11/8/1988,California,FALSE,Pritzker,democrat,15,undefined,FALSE
11/8/1988,Colorado,FALSE,Tester,republican,5,undefined,FALSE
11/8/1988,Connecticut,FALSE,Pritzker,democrat,5,undefined,FALSE
11/8/1988,Delaware,FALSE,Pritzker,democrat,5,undefined,FALSE
11/8/1988,District of Columbia,FALSE,Pritzker,democrat,15,undefined,FALSE
11/8/1988,Florida,FALSE,Tester,republican,1,null,TRUE
11/8/1988,Florida,FALSE,Pritzker,democrat,0,undefined,TRUE
11/8/1988,Georgia,FALSE,Tester,republican,5,undefined,FALSE
11/8/1988,Hawaii,FALSE,Pritzker,democrat,1,null,FALSE
11/8/1988,Idaho,FALSE,Tester,republican,15,undefined,FALSE
11/8/1988,Illinois,FALSE,Pritzker,democrat,5,undefined,FALSE
11/8/1988,Illinois,FALSE,Tester,republican,0,undefined,FALSE
11/8/1988,Indiana,FALSE,Tester,republican,15,undefined,FALSE
11/8/1988,Iowa,FALSE,Tester,republican,1,null,TRUE
11/8/1988,Iowa,FALSE,Pritzker,democrat,0,undefined,TRUE
11/8/1988,Kansas,FALSE,Tester,republican,15,undefined,FALSE
11/8/1988,Kentucky,FALSE,Tester,republican,15,undefined,FALSE
11/8/1988,Louisiana,FALSE,Tester,republican,15,undefined,FALSE
11/8/1988,Maine 1st CD,ME-1,Pritzker,democrat,5,undefined,FALSE
11/8/1988,Maine 2nd CD,ME-2,Pritzker,democrat,1,null,FALSE
11/8/1988,Maine,FALSE,Pritzker,democrat,1,null,FALSE
11/8/1988,Maine,FALSE,Independent,INDGEN,0,null,FALSE
11/8/1988,Maine,FALSE,Tester,republican,0,null,FALSE
11/8/1988,Maryland,FALSE,Pritzker,democrat,5,undefined,FALSE
11/8/1988,Massachusetts,FALSE,Pritzker,democrat,15,undefined,FALSE
11/8/1988,Michigan,FALSE,Tester,republican,50.22,null,TRUE
11/8/1988,Michigan,FALSE,Pritzker,democrat,49.78,null,TRUE
11/8/1988,Minnesota,FALSE,Pritzker,democrat,1,undefined,FALSE
11/8/1988,Mississippi,FALSE,Tester,republican,15,undefined,FALSE
11/8/1988,Missouri,FALSE,Tester,republican,15,undefined,FALSE
11/8/1988,Montana,FALSE,Tester,republican,15,undefined,FALSE
11/8/1988,Nebraska 1st CD,NE-1,Tester,republican,15,undefined,FALSE
11/8/1988,Nebraska 2nd CD,NE-2,Pritzker,democrat,1,null,TRUE
11/8/1988,Nebraska 3rd CD,NE-3,Tester,republican,15,undefined,FALSE
11/8/1988,Nebraska,FALSE,Tester,republican,15,undefined,FALSE
11/8/1988,Nevada,FALSE,Tester,republican,5,undefined,FALSE
11/8/1988,New Hampshire,FALSE,Tester,republican,1,null,TRUE
11/8/1988,New Hampshire,FALSE,Pritzker,democrat,0,undefined,TRUE
11/8/1988,New Jersey,FALSE,Pritzker,democrat,5,undefined,FALSE
11/8/1988,New Mexico,FALSE,Tester,republican,1,null,TRUE
11/8/1988,New Mexico,FALSE,Pritzker,democrat,0,undefined,TRUE
11/8/1988,New York,FALSE,Pritzker,democrat,15,undefined,FALSE
11/8/1988,North Carolina,FALSE,Tester,republican,5,undefined,FALSE
11/8/1988,North Dakota,FALSE,Tester,republican,15,undefined,FALSE
11/8/1988,Ohio,FALSE,Tester,republican,5,undefined,TRUE
11/8/1988,Ohio,FALSE,Pritzker,democrat,0,undefined,TRUE
11/8/1988,Oklahoma,FALSE,Tester,republican,15,undefined,FALSE
11/8/1988,Oregon,FALSE,Pritzker,democrat,5,undefined,FALSE
11/8/1988,Pennsylvania,FALSE,Tester,republican,50.33,null,TRUE
11/8/1988,Pennsylvania,FALSE,Pritzker,democrat,49.67,undefined,TRUE
11/8/1988,Rhode Island,FALSE,Pritzker,democrat,15,undefined,FALSE
11/8/1988,South Carolina,FALSE,Tester,republican,15,undefined,FALSE
11/8/1988,South Dakota,FALSE,Tester,republican,15,undefined,FALSE
11/8/1988,Tennessee,FALSE,Tester,republican,15,undefined,FALSE
11/8/1988,Texas,FALSE,Tester,republican,15,undefined,FALSE
11/8/1988,Utah,FALSE,Tester,republican,15,undefined,FALSE
11/8/1988,Vermont,FALSE,Pritzker,democrat,15,undefined,FALSE
11/8/1988,Virginia,FALSE,Tester,republican,1,null,TRUE
11/8/1988,Virginia,FALSE,Pritzker,democrat,0,undefined,TRUE
11/8/1988,Washington,FALSE,Pritzker,democrat,15,undefined,FALSE
11/8/1988,West Virginia,FALSE,Tester,republican,15,undefined,FALSE
11/8/1988,Wisconsin,FALSE,Tester,republican,50.36,null,TRUE
11/8/1988,Wisconsin,FALSE,Pritzker,democrat,49.64,undefined,TRUE
11/8/1988,Wyoming,FALSE,Tester,republican,15,undefined,TRUE
11/8/1988,Wyoming,FALSE,Pritzker,democrat,0,undefined,TRUE
11/8/1988,National Popular Vote,FALSE,Tester,republican,52,undefined,FALSE
11/8/1988,National Popular Vote,FALSE,Pritzker,democrat,48,undefined,FALSE
11/3/1992,Alabama,FALSE,Tester,republican,5,null,FALSE
11/3/1992,Alaska,FALSE,Tester,republican,5,null,FALSE
11/3/1992,Arizona,FALSE,Long,democrat,50.37,null,TRUE
11/3/1992,Arizona,FALSE,Tester,republican,49.63,null,TRUE
11/3/1992,Arkansas,FALSE,Tester,republican,15,null,FALSE
11/3/1992,California,FALSE,Long,democrat,15,null,FALSE
11/3/1992,Colorado,FALSE,Long,democrat,1,null,TRUE
11/3/1992,Colorado,FALSE,Tester,republican,0,null,TRUE
11/3/1992,Connecticut,FALSE,Long,democrat,15,null,FALSE
11/3/1992,Delaware,FALSE,Long,democrat,15,null,FALSE
11/3/1992,District of Columbia,FALSE,Long,democrat,15,null,FALSE
11/3/1992,Florida,FALSE,Long,democrat,5,null,TRUE
11/3/1992,Florida,FALSE,Tester,republican,0,null,TRUE
11/3/1992,Georgia,FALSE,Long,democrat,1,null,TRUE
11/3/1992,Georgia,FALSE,Tester,republican,0,null,TRUE
11/3/1992,Hawaii,FALSE,Long,democrat,15,null,FALSE
11/3/1992,Idaho,FALSE,Tester,republican,15,null,FALSE
11/3/1992,Illinois,FALSE,Long,democrat,15,null,FALSE
11/3/1992,Indiana,FALSE,Tester,republican,5,null,FALSE
11/3/1992,Iowa,FALSE,Long,democrat,5,null,TRUE
11/3/1992,Iowa,FALSE,Tester,republican,0,null,TRUE
11/3/1992,Kansas,FALSE,Long,democrat,50.06,null,TRUE
11/3/1992,Kansas,FALSE,Tester,republican,49.94,null,TRUE
11/3/1992,Kentucky,FALSE,Tester,republican,15,null,FALSE
11/3/1992,Louisiana,FALSE,Tester,republican,15,null,FALSE
11/3/1992,Maine 1st CD,ME-1,Long,democrat,15,null,FALSE
11/3/1992,Maine 2nd CD,ME-2,Long,democrat,5,null,FALSE
11/3/1992,Maine,FALSE,Long,democrat,5,null,FALSE
11/3/1992,Maryland,FALSE,Long,democrat,15,null,FALSE
11/3/1992,Massachusetts,FALSE,Long,democrat,15,null,FALSE
11/3/1992,Michigan,FALSE,Long,democrat,5,null,TRUE
11/3/1992,Michigan,FALSE,Tester,republican,0,null,TRUE
11/3/1992,Minnesota,FALSE,Long,democrat,15,null,FALSE
11/3/1992,Mississippi,FALSE,Tester,republican,15,null,FALSE
11/3/1992,Missouri,FALSE,Tester,republican,5,null,FALSE
11/3/1992,Montana,FALSE,Tester,republican,1,null,FALSE
11/3/1992,Nebraska 1st CD,NE-1,Tester,republican,5,null,FALSE
11/3/1992,Nebraska 2nd CD,NE-2,Long,democrat,5,null,FALSE
11/3/1992,Nebraska 3rd CD,NE-3,Tester,republican,15,null,FALSE
11/3/1992,Nebraska,FALSE,Tester,republican,5,null,FALSE
11/3/1992,Nevada,FALSE,Long,democrat,1,null,TRUE
11/3/1992,Nevada,FALSE,Tester,republican,0,null,TRUE
11/3/1992,New Hampshire,FALSE,Long,democrat,5,null,TRUE
11/3/1992,New Hampshire,FALSE,Tester,republican,0,null,TRUE
11/3/1992,New Jersey,FALSE,Long,democrat,15,null,FALSE
11/3/1992,New Mexico,FALSE,Long,democrat,5,null,TRUE
11/3/1992,New Mexico,FALSE,Tester,republican,0,null,TRUE
11/3/1992,New York,FALSE,Long,democrat,15,null,FALSE
11/3/1992,North Carolina,FALSE,Long,democrat,5,null,TRUE
11/3/1992,North Carolina,FALSE,Tester,republican,0,null,TRUE
11/3/1992,North Dakota,FALSE,Tester,republican,15,null,FALSE
11/3/1992,Ohio,FALSE,Long,democrat,1,null,TRUE
11/3/1992,Ohio,FALSE,Tester,republican,0,null,TRUE
11/3/1992,Oklahoma,FALSE,Tester,republican,15,null,FALSE
11/3/1992,Oregon,FALSE,Long,democrat,15,null,FALSE
11/3/1992,Pennsylvania,FALSE,Long,democrat,5,null,TRUE
11/3/1992,Pennsylvania,FALSE,Tester,republican,0,null,TRUE
11/3/1992,Rhode Island,FALSE,Long,democrat,15,null,FALSE
11/3/1992,South Carolina,FALSE,Long,democrat,50.11,null,TRUE
11/3/1992,South Carolina,FALSE,Tester,republican,49.89,null,TRUE
11/3/1992,South Dakota,FALSE,Tester,republican,15,null,FALSE
11/3/1992,Tennessee,FALSE,Tester,republican,15,null,FALSE
11/3/1992,Texas,FALSE,Tester,republican,5,null,FALSE
11/3/1992,Utah,FALSE,Tester,republican,15,null,FALSE
11/3/1992,Vermont,FALSE,Long,democrat,15,null,FALSE
11/3/1992,Virginia,FALSE,Long,democrat,5,null,TRUE
11/3/1992,Virginia,FALSE,Tester,republican,0,null,TRUE
11/3/1992,Washington,FALSE,Long,democrat,15,null,FALSE
11/3/1992,West Virginia,FALSE,Tester,republican,15,null,FALSE
11/3/1992,Wisconsin,FALSE,Long,democrat,5,null,TRUE
11/3/1992,Wisconsin,FALSE,Tester,republican,0,null,TRUE
11/3/1992,Wyoming,FALSE,Tester,republican,15,null,FALSE
11/3/1992,National Popular Vote,FALSE,Long,democrat,55,undefined,TRUE
11/3/1992,National Popular Vote,FALSE,Tester,republican,45,undefined,TRUE
11/5/1996,Alabama,FALSE,Bob,republican,15,undefined,FALSE
11/5/1996,Alaska,FALSE,Bob,republican,3,undefined,FALSE
11/5/1996,Arizona,FALSE,Long,democrat,5,undefined,FALSE
11/5/1996,Arkansas,FALSE,Bob,republican,5,undefined,FALSE
11/5/1996,California,FALSE,Long,democrat,15,undefined,FALSE
11/5/1996,Colorado,FALSE,Long,democrat,5,undefined,FALSE
11/5/1996,Connecticut,FALSE,Long,democrat,15,undefined,FALSE
11/5/1996,Delaware,FALSE,Long,democrat,15,undefined,FALSE
11/5/1996,District of Columbia,FALSE,Long,democrat,15,undefined,FALSE
11/5/1996,Florida,FALSE,Long,democrat,5,undefined,FALSE
11/5/1996,Georgia,FALSE,Long,democrat,5,undefined,FALSE
11/5/1996,Hawaii,FALSE,Long,democrat,15,undefined,FALSE
11/5/1996,Idaho,FALSE,Bob,republican,15,undefined,FALSE
11/5/1996,Illinois,FALSE,Long,democrat,15,undefined,FALSE
11/5/1996,Indiana,FALSE,Bob,republican,5,undefined,FALSE
11/5/1996,Iowa,FALSE,Long,democrat,5,undefined,FALSE
11/5/1996,Kansas,FALSE,Long,democrat,1,undefined,FALSE
11/5/1996,Kentucky,FALSE,Bob,republican,15,undefined,FALSE
11/5/1996,Louisiana,FALSE,Bob,republican,15,undefined,FALSE
11/5/1996,Maine 1st CD,ME-1,Long,democrat,15,undefined,FALSE
11/5/1996,Maine 2nd CD,ME-2,Long,democrat,5,undefined,FALSE
11/5/1996,Maine,FALSE,Long,democrat,15,undefined,FALSE
11/5/1996,Maryland,FALSE,Long,democrat,15,undefined,FALSE
11/5/1996,Massachusetts,FALSE,Long,democrat,15,undefined,FALSE
11/5/1996,Michigan,FALSE,Long,democrat,15,undefined,FALSE
11/5/1996,Minnesota,FALSE,Long,democrat,15,undefined,FALSE
11/5/1996,Mississippi,FALSE,Bob,republican,15,undefined,FALSE
11/5/1996,Missouri,FALSE,Bob,republican,1,undefined,FALSE
11/5/1996,Missouri,FALSE,Long,democrat,0,undefined,FALSE
11/5/1996,Montana,FALSE,Long,democrat,1,undefined,TRUE
11/5/1996,Montana,FALSE,Bob,republican,0,undefined,TRUE
11/5/1996,Nebraska 1st CD,NE-1,Bob,republican,1,undefined,FALSE
11/5/1996,Nebraska 2nd CD,NE-2,Long,democrat,15,undefined,FALSE
11/5/1996,Nebraska 3rd CD,NE-3,Bob,republican,15,undefined,FALSE
11/5/1996,Nebraska,FALSE,Bob,republican,5,undefined,FALSE
11/5/1996,Nevada,FALSE,Long,democrat,5,undefined,FALSE
11/5/1996,New Hampshire,FALSE,Long,democrat,5,undefined,FALSE
11/5/1996,New Jersey,FALSE,Long,democrat,15,undefined,FALSE
11/5/1996,New Mexico,FALSE,Long,democrat,15,undefined,FALSE
11/5/1996,New York,FALSE,Long,democrat,15,undefined,FALSE
11/5/1996,North Carolina,FALSE,Long,democrat,5,undefined,FALSE
11/5/1996,North Dakota,FALSE,Bob,republican,15,undefined,FALSE
11/5/1996,Ohio,FALSE,Long,democrat,5,undefined,FALSE
11/5/1996,Oklahoma,FALSE,Bob,republican,15,undefined,FALSE
11/5/1996,Oregon,FALSE,Long,democrat,15,undefined,FALSE
11/5/1996,Pennsylvania,FALSE,Long,democrat,15,undefined,FALSE
11/5/1996,Rhode Island,FALSE,Long,democrat,15,undefined,FALSE
11/5/1996,South Carolina,FALSE,Long,democrat,5,undefined,FALSE
11/5/1996,South Dakota,FALSE,Bob,republican,15,undefined,FALSE
11/5/1996,Tennessee,FALSE,Bob,republican,15,undefined,FALSE
11/5/1996,Texas,FALSE,Long,democrat,1,undefined,TRUE
11/5/1996,Texas,FALSE,Bob,republican,0,undefined,TRUE
11/5/1996,Utah,FALSE,Bob,republican,15,undefined,FALSE
11/5/1996,Vermont,FALSE,Long,democrat,15,undefined,FALSE
11/5/1996,Virginia,FALSE,Long,democrat,15,undefined,FALSE
11/5/1996,Washington,FALSE,Long,democrat,15,undefined,FALSE
11/5/1996,West Virginia,FALSE,Bob,republican,15,undefined,FALSE
11/5/1996,Wisconsin,FALSE,Long,democrat,15,undefined,FALSE
11/5/1996,Wyoming,FALSE,Bob,republican,15,undefined,FALSE
11/5/1996,National Popular Vote,FALSE,Bob,republican,43,undefined,FALSE
11/5/1996,National Popular Vote,FALSE,Long,democrat,57,undefined,FALSE
11/07/2000,Alabama,FALSE,Tully,republican,15,null,FALSE
11/07/2000,Alaska,FALSE,Tully,republican,1,null,FALSE
11/07/2000,Arizona,FALSE,Long,democrat,5,null,FALSE
11/07/2000,Arkansas,FALSE,Tully,republican,5,null,FALSE
11/07/2000,California,FALSE,Long,democrat,15,null,FALSE
11/07/2000,Colorado,FALSE,Long,democrat,15,null,FALSE
11/07/2000,Connecticut,FALSE,Long,democrat,15,null,FALSE
11/07/2000,Delaware,FALSE,Long,democrat,15,null,FALSE
11/07/2000,District of Columbia,FALSE,Long,democrat,15,null,FALSE
11/07/2000,Florida,FALSE,Long,democrat,5,null,FALSE
11/07/2000,Georgia,FALSE,Long,democrat,5,null,FALSE
11/07/2000,Hawaii,FALSE,Long,democrat,15,undefined,FALSE
11/07/2000,Idaho,FALSE,Tully,republican,15,null,FALSE
11/07/2000,Illinois,FALSE,Long,democrat,15,null,FALSE
11/07/2000,Indiana,FALSE,Tully,republican,5,null,FALSE
11/07/2000,Iowa,FALSE,Long,democrat,5,null,FALSE
11/07/2000,Kansas,FALSE,Tully,republican,1,null,TRUE
11/07/2000,Kentucky,FALSE,Tully,republican,15,null,FALSE
11/07/2000,Louisiana,FALSE,Tully,republican,15,null,FALSE
11/07/2000,Maine 1st CD,ME-1,Long,democrat,15,null,FALSE
11/07/2000,Maine 2nd CD,ME-2,Long,democrat,5,null,FALSE
11/07/2000,Maine,FALSE,Long,democrat,15,null,FALSE
11/07/2000,Maryland,FALSE,Long,democrat,15,null,FALSE
11/07/2000,Massachusetts,FALSE,Long,democrat,15,null,FALSE
11/07/2000,Michigan,FALSE,Long,democrat,15,null,FALSE
11/07/2000,Minnesota,FALSE,Long,democrat,15,null,FALSE
11/07/2000,Mississippi,FALSE,Tully,republican,15,null,FALSE
11/07/2000,Missouri,FALSE,Tully,republican,1,null,FALSE
11/07/2000,Montana,FALSE,Tully,republican,1,null,TRUE
11/07/2000,Nebraska 1st CD,NE-1,Tully,republican,1,null,FALSE
11/07/2000,Nebraska 2nd CD,NE-2,Long,democrat,15,null,FALSE
11/07/2000,Nebraska 3rd CD,NE-3,Tully,republican,15,null,FALSE
11/07/2000,Nebraska,FALSE,Tully,republican,15,null,FALSE
11/07/2000,Nevada,FALSE,Long,democrat,5,null,FALSE
11/07/2000,New Hampshire,FALSE,Long,democrat,5,null,FALSE
11/07/2000,New Jersey,FALSE,Long,democrat,15,null,FALSE
11/07/2000,New Mexico,FALSE,Long,democrat,15,null,FALSE
11/07/2000,New York,FALSE,Long,democrat,15,null,FALSE
11/07/2000,North Carolina,FALSE,Long,democrat,5,null,FALSE
11/07/2000,North Dakota,FALSE,Tully,republican,15,null,FALSE
11/07/2000,Ohio,FALSE,Long,democrat,5,null,FALSE
11/07/2000,Oklahoma,FALSE,Tully,republican,15,null,FALSE
11/07/2000,Oregon,FALSE,Long,democrat,15,null,FALSE
11/07/2000,Pennsylvania,FALSE,Long,democrat,15,null,FALSE
11/07/2000,Rhode Island,FALSE,Long,democrat,15,null,FALSE
11/07/2000,South Carolina,FALSE,Tully,republican,1,null,TRUE
11/07/2000,South Dakota,FALSE,Tully,republican,15,null,FALSE
11/07/2000,Tennessee,FALSE,Tully,republican,15,null,FALSE
11/07/2000,Texas,FALSE,Long,democrat,5,null,FALSE
11/07/2000,Utah,FALSE,Tully,republican,15,null,FALSE
11/07/2000,Vermont,FALSE,Long,democrat,15,null,FALSE
11/07/2000,Virginia,FALSE,Long,democrat,15,null,FALSE
11/07/2000,Washington,FALSE,Long,democrat,15,null,FALSE
11/07/2000,West Virginia,FALSE,Tully,republican,15,null,FALSE
11/07/2000,Wisconsin,FALSE,Long,democrat,15,null,FALSE
11/07/2000,Wyoming,FALSE,Tully,republican,15,null,FALSE
11/07/2000,National Popular Vote,FALSE,Long,democrat,56,null,FALSE
11/07/2000,National Popular Vote,NPV,Tully,republican,38,null,FALSE
11/07/2000,National Popular Vote,NPV,Grump,CUSTOM1,6,null,FALSE
11/2/2004,Alabama,FALSE,Grump,republican,15,,,,FALSE
11/2/2004,Alaska,FALSE,Long,democrat,50.32,,,,TRUE
11/2/2004,Alaska,FALSE,Grump,republican,49.68,,,,TRUE
11/2/2004,Arizona,FALSE,Long,democrat,5,,,,FALSE
11/2/2004,Arkansas,FALSE,Grump,republican,5,,,,FALSE
11/2/2004,California,FALSE,Long,democrat,15,,,,FALSE
11/2/2004,Colorado,FALSE,Long,democrat,15,,,,FALSE
11/2/2004,Connecticut,FALSE,Long,democrat,15,,,,FALSE
11/2/2004,Delaware,FALSE,Long,democrat,15,,,,FALSE
11/2/2004,District of Columbia,FALSE,Long,democrat,15,,,,FALSE
11/2/2004,Florida,FALSE,Long,democrat,5,,,,FALSE
11/2/2004,Georgia,FALSE,Long,democrat,5,,,,FALSE
11/2/2004,Hawaii,FALSE,Long,democrat,15,,,,FALSE
11/2/2004,Hawaii,FALSE,Independent,INDGEN,0,,,,FALSE
11/2/2004,Hawaii,FALSE,Grump,republican,0,,,,FALSE
11/2/2004,Idaho,FALSE,Grump,republican,15,,,,FALSE
11/2/2004,Illinois,FALSE,Long,democrat,15,,,,FALSE
11/2/2004,Indiana,FALSE,Long,democrat,50.009,,,,TRUE
11/2/2004,Indiana,FALSE,Grump,republican,49.991,,,,TRUE
11/2/2004,Iowa,FALSE,Long,democrat,5,,,,FALSE
11/2/2004,Kansas,FALSE,Grump,republican,1,,,,FALSE
11/2/2004,Kentucky,FALSE,Grump,republican,15,,,,FALSE
11/2/2004,Louisiana,FALSE,Grump,republican,5,,,,FALSE
11/2/2004,Maine 1st CD,ME-1,Long,democrat,15,,,,FALSE
11/2/2004,Maine 2nd CD,ME-2,Long,democrat,5,,,,FALSE
11/2/2004,Maine,FALSE,Long,democrat,15,,,,FALSE
11/2/2004,Maryland,FALSE,Long,democrat,15,,,,FALSE
11/2/2004,Massachusetts,FALSE,Long,democrat,15,,,,FALSE
11/2/2004,Michigan,FALSE,Long,democrat,5,,,,FALSE
11/2/2004,Minnesota,FALSE,Long,democrat,5,,,,FALSE
11/2/2004,Mississippi,FALSE,Grump,republican,15,,,,FALSE
11/2/2004,Mississippi,FALSE,Long,democrat,0,,,,FALSE
11/2/2004,Missouri,FALSE,Grump,republican,5,,,,FALSE
11/2/2004,Montana,FALSE,Grump,republican,1,,,,FALSE
11/2/2004,Nebraska 1st CD,NE-1,Grump,republican,1,,,,FALSE
11/2/2004,Nebraska 2nd CD,NE-2,Long,democrat,15,,,,FALSE
11/2/2004,Nebraska 3rd CD,NE-3,Grump,republican,15,,,,FALSE
11/2/2004,Nebraska,FALSE,Grump,republican,5,,,,FALSE
11/2/2004,Nevada,FALSE,Long,democrat,5,,,,FALSE
11/2/2004,New Hampshire,FALSE,Long,democrat,5,,,,FALSE
11/2/2004,New Jersey,FALSE,Long,democrat,15,,,,FALSE
11/2/2004,New Mexico,FALSE,Long,democrat,15,,,,FALSE
11/2/2004,New York,FALSE,Long,democrat,15,,,,FALSE
11/2/2004,North Carolina,FALSE,Long,democrat,5,,,,FALSE
11/2/2004,North Dakota,FALSE,Grump,republican,15,,,,FALSE
11/2/2004,Ohio,FALSE,Long,democrat,5,,,,FALSE
11/2/2004,Oklahoma,FALSE,Grump,republican,15,,,,FALSE
11/2/2004,Oregon,FALSE,Long,democrat,15,,,,FALSE
11/2/2004,Pennsylvania,FALSE,Long,democrat,5,,,,FALSE
11/2/2004,Rhode Island,FALSE,Long,democrat,15,,,,FALSE
11/2/2004,South Carolina,FALSE,Long,democrat,50.43,,,,TRUE
11/2/2004,South Carolina,FALSE,Grump,republican,49.57,,,,TRUE
11/2/2004,South Dakota,FALSE,Grump,republican,15,,,,FALSE
11/2/2004,Tennessee,FALSE,Grump,republican,15,,,,FALSE
11/2/2004,Texas,FALSE,Long,democrat,5,,,,FALSE
11/2/2004,Utah,FALSE,Grump,republican,15,,,,FALSE
11/2/2004,Vermont,FALSE,Long,democrat,15,,,,FALSE
11/2/2004,Virginia,FALSE,Long,democrat,15,,,,FALSE
11/2/2004,Washington,FALSE,Long,democrat,15,,,,FALSE
11/2/2004,Washington,FALSE,Grump,republican,0,undefined,FALSE
11/2/2004,West Virginia,FALSE,Grump,republican,15,,,,FALSE
11/2/2004,Wisconsin,FALSE,Long,democrat,5,,,,FALSE
11/2/2004,Wyoming,FALSE,Grump,republican,15,,,,FALSE
11/2/2004,National Popular Vote,FALSE,Long,democrat,56,,,,TRUE
11/2/2004,National Popular Vote,FALSE,Grump,republican,44,,,,TRUE
11/4/2008,Alabama,AL,DaSantos,republican,15,,,,FALSE
11/4/2008,Alaska,AK,Long,democrat,15,,,,FALSE
11/4/2008,Arizona,FALSE,Long,democrat,15,,,,FALSE
11/4/2008,Arkansas,FALSE,Long,democrat,1,,,,TRUE
11/4/2008,California,FALSE,Long,democrat,15,,,,FALSE
11/4/2008,Colorado,FALSE,Long,democrat,15,,,,FALSE
11/4/2008,Connecticut,FALSE,Long,democrat,15,,,,FALSE
11/4/2008,Delaware,FALSE,Long,democrat,15,,,,FALSE
11/4/2008,District of Columbia,FALSE,Long,democrat,15,,,,FALSE
11/4/2008,Florida,FALSE,Long,democrat,15,,,,FALSE
11/4/2008,Georgia,FALSE,Long,democrat,15,,,,FALSE
11/4/2008,Hawaii,FALSE,Long,democrat,15,,,,FALSE
11/4/2008,Idaho,FALSE,DaSantos,republican,15,,,,FALSE
11/4/2008,Idaho,FALSE,Independent,INDGEN,0,,,,FALSE
11/4/2008,Idaho,FALSE,Long,democrat,0,,,,FALSE
11/4/2008,Illinois,FALSE,Long,democrat,15,,,,FALSE
11/4/2008,Indiana,FALSE,Long,democrat,5,,,,FALSE
11/4/2008,Iowa,FALSE,Long,democrat,15,,,,FALSE
11/4/2008,Kansas,FALSE,Long,democrat,5,,,,TRUE
11/4/2008,Kentucky,FALSE,DaSantos,republican,5,,,,FALSE
11/4/2008,Louisiana,FALSE,Long,democrat,1,,,,TRUE
11/4/2008,Maine 1st CD,ME-1,Long,democrat,15,,,,FALSE
11/4/2008,Maine 2nd CD,ME-2,Long,democrat,15,,,,FALSE
11/4/2008,Maine,FALSE,Long,democrat,15,,,,FALSE
11/4/2008,Maryland,FALSE,Long,democrat,15,,,,FALSE
11/4/2008,Maryland,FALSE,Independent,INDGEN,0,,,,FALSE
11/4/2008,Massachusetts,FALSE,Long,democrat,15,,,,FALSE
11/4/2008,Michigan,FALSE,Long,democrat,15,,,,FALSE
11/4/2008,Minnesota,FALSE,Long,democrat,15,,,,FALSE
11/4/2008,Mississippi,FALSE,DaSantos,republican,5,,,,FALSE
11/4/2008,Missouri,FALSE,Long,democrat,5,,,,TRUE
11/4/2008,Montana,FALSE,Long,democrat,5,,,,TRUE
11/4/2008,Nebraska 1st CD,NE-1,Long,democrat,5,,,,TRUE
11/4/2008,Nebraska 2nd CD,NE-2,Long,democrat,15,,,,FALSE
11/4/2008,Nebraska 3rd CD,NE-3,DaSantos,republican,15,,,,FALSE
11/4/2008,Nebraska,FALSE,Long,democrat,1,,,,TRUE
11/4/2008,Nevada,FALSE,Long,democrat,15,,,,FALSE
11/4/2008,New Hampshire,FALSE,Long,democrat,15,,,,FALSE
11/4/2008,New Jersey,FALSE,Long,democrat,15,,,,FALSE
11/4/2008,New Mexico,FALSE,Long,democrat,15,,,,FALSE
11/4/2008,New York,FALSE,Long,democrat,15,,,,FALSE
11/4/2008,North Carolina,FALSE,Long,democrat,15,,,,FALSE
11/4/2008,North Dakota,FALSE,DaSantos,republican,5,,,,FALSE
11/4/2008,Ohio,FALSE,Long,democrat,15,,,,FALSE
11/4/2008,Ohio,FALSE,DaSantos,republican,0,undefined,FALSE
11/4/2008,Oklahoma,FALSE,DaSantos,republican,5,,,,FALSE
11/4/2008,Oregon,FALSE,Long,democrat,15,,,,FALSE
11/4/2008,Pennsylvania,FALSE,Long,democrat,15,,,,FALSE
11/4/2008,Rhode Island,FALSE,Long,democrat,15,,,,FALSE
11/4/2008,South Carolina,FALSE,Long,democrat,5,,,,FALSE
11/4/2008,South Dakota,FALSE,DaSantos,republican,5,,,,FALSE
11/4/2008,Tennessee,FALSE,Long,democrat,1,,,,TRUE
11/4/2008,Texas,FALSE,Long,democrat,5,,,,FALSE
11/4/2008,Utah,FALSE,DaSantos,republican,5,,,,FALSE
11/4/2008,Vermont,FALSE,Long,democrat,15,,,,FALSE
11/4/2008,Virginia,FALSE,Long,democrat,15,,,,FALSE
11/4/2008,Washington,FALSE,Long,democrat,15,,,,FALSE
11/4/2008,West Virginia,FALSE,DaSantos,republican,15,,,,FALSE
11/4/2008,Wisconsin,FALSE,Long,democrat,15,,,,FALSE
11/4/2008,Wyoming,FALSE,DaSantos,republican,15,,,,FALSE
11/4/2008,National Popular Vote,FALSE,Long,democrat,62,,,,TRUE
11/4/2008,National Popular Vote,FALSE,DaSantos,republican,38,,,,TRUE
11/6/2012,Alabama,AL,Bold,republican,15,,,,FALSE
11/6/2012,Alaska,AK,Davies,democrat,5,,,,FALSE
11/6/2012,Arizona,AZ,Bold,republican,5,,,,TRUE
11/6/2012,Arkansas,AR,Bold,republican,15,,,,TRUE
11/6/2012,California,CA,Davies,democrat,15,,,,FALSE
11/6/2012,Colorado,CO,Davies,democrat,1,,,,FALSE
11/6/2012,Connecticut,CT,Davies,democrat,5,,,,FALSE
11/6/2012,Delaware,DE,Davies,democrat,5,,,,FALSE
11/6/2012,District of Columbia,DC,Davies,democrat,15,,,,FALSE
11/6/2012,Florida,FL,Bold,republican,1,,,,TRUE
11/6/2012,Georgia,GA,Bold,republican,5,,,,TRUE
11/6/2012,Hawaii,HI,Davies,democrat,15,,,,FALSE
11/6/2012,Idaho,ID,Bold,republican,15,,,,FALSE
11/6/2012,Illinois,IL,Davies,democrat,5,,,,FALSE
11/6/2012,Indiana,IN,Bold,republican,15,,,,TRUE
11/6/2012,Iowa,IA,Bold,republican,5,,,,TRUE
11/6/2012,Kansas,JSSKS,Bold,republican,5,,,,TRUE
11/6/2012,Kentucky,KY,Bold,republican,15,,,,FALSE
11/6/2012,Louisiana,LA,Bold,republican,15,,,,TRUE
11/6/2012,Maine 1st CD,ME-1,Davies,democrat,15,,,,FALSE
11/6/2012,Maine 2nd CD,ME-2,Davies,democrat,5,,,,FALSE
11/6/2012,Maine,ME,Davies,democrat,5,,,,FALSE
11/6/2012,Maryland,MD,Davies,democrat,15,,,,FALSE
11/6/2012,Massachusetts,MA,Davies,democrat,15,,,,FALSE
11/6/2012,Michigan,MI,Bold,republican,1,,,,TRUE
11/6/2012,Minnesota,MN,Bold,republican,50.07,,,,TRUE
11/6/2012,Minnesota,MN,Davies,democrat,49.93,,,,TRUE
11/6/2012,Mississippi,MS,Bold,republican,15,,,,FALSE
11/6/2012,Missouri,MO,Bold,republican,15,,,,TRUE
11/6/2012,Montana,MT,Bold,republican,15,,,,TRUE
11/6/2012,Nebraska 1st CD,NE-1,Bold,republican,15,,,,TRUE
11/6/2012,Nebraska 2nd CD,NE-2,Davies,democrat,5,,,,FALSE
11/6/2012,Nebraska 3rd CD,NE-3,Bold,republican,15,,,,FALSE
11/6/2012,Nebraska,NE,Bold,republican,15,,,,TRUE
11/6/2012,Nevada,NV,Bold,republican,1,,,,TRUE
11/6/2012,New Hampshire,NH,Davies,democrat,5,,,,FALSE
11/6/2012,New Jersey,NJ,Davies,democrat,5,,,,FALSE
11/6/2012,New Mexico,NM,Davies,democrat,5,,,,FALSE
11/6/2012,New York,NY,Davies,democrat,15,,,,FALSE
11/6/2012,North Carolina,NC,Davies,democrat,50.18,,,,FALSE
11/6/2012,North Carolina,NC,Bold,republican,49.82,,,,FALSE
11/6/2012,North Dakota,ND,Bold,republican,15,,,,FALSE
11/6/2012,Ohio,FALSE,OH,republican,5,,,,TRUE
11/6/2012,Oklahoma,OK,Bold,republican,15,,,,FALSE
11/6/2012,Oregon,OR,Davies,democrat,15,,,,FALSE
11/6/2012,Pennsylvania,PA,Bold,republican,50.37,,,,TRUE
11/6/2012,Pennsylvania,PA,Davies,democrat,49.63,,,,TRUE
11/6/2012,Rhode Island,RI,Davies,democrat,15,,,,FALSE
11/6/2012,South Carolina,SC,Bold,republican,5,,,,TRUE
11/6/2012,South Dakota,SD,Bold,republican,15,,,,FALSE
11/6/2012,Tennessee,TN,Bold,republican,15,,,,TRUE
11/6/2012,Texas,TX,Bold,republican,15,,,,TRUE
11/6/2012,Utah,UT,Bold,republican,15,,,,FALSE
11/6/2012,Vermont,VT,Davies,democrat,15,,,,FALSE
11/6/2012,Virginia,VA,Davies,democrat,5,,,,FALSE
11/6/2012,Washington,WA,Davies,democrat,15,,,,FALSE
11/6/2012,West Virginia,WV,Bold,republican,15,,,,FALSE
11/6/2012,Wisconsin,WI,Bold,republican,1,,,,TRUE
11/6/2012,Wyoming,WY,Bold,republican,15,,,,FALSE
11/6/2012,National Popular Vote,NPV,Bold,republican,50.78,,,,TRUE
11/6/2012,National Popular Vote,NPV,Davies,democrat,49.22,,,,TRUE
11/8/2016,Alabama,AL,Bold,republican,72.65,,,,20171015
11/8/2016,Alabama,AL,Baskin,democrat,27.35,,,,20171015
11/8/2016,Alaska,AK,Baskin,democrat,53.57,,,,20171015
11/8/2016,Alaska,AK,Bold,republican,46.43,,,,20171015
11/8/2016,Arizona,AZ,Bold,republican,54.1,,,,20171015
11/8/2016,Arizona,AZ,Baskin,democrat,45.9,,,,20171015
11/8/2016,Arkansas,AR,Bold,republican,66.03,,,,20171015
11/8/2016,Arkansas,AR,Baskin,democrat,33.97,,,,20171015
11/8/2016,California,CA,Baskin,democrat,60.62,,,,20171015
11/8/2016,California,CA,Bold,republican,39.38,,,,20171015
11/8/2016,Colorado,CO,Baskin,democrat,51.91,,,,20171015
11/8/2016,Colorado,CO,Bold,republican,48.09,,,,20171015
11/8/2016,Connecticut,CT,Baskin,democrat,56.6,,,,20171015
11/8/2016,Connecticut,CT,Bold,republican,43.4,,,,20171015
11/8/2016,Delaware,DE,Baskin,democrat,56.44,,,,20171015
11/8/2016,Delaware,DE,Bold,republican,43.56,,,,20171015
11/8/2016,District of Columbia,DC,Baskin,democrat,91.03,,,,20171015
11/8/2016,District of Columbia,DC,Bold,republican,8.97,,,,20171015
11/8/2016,Florida,FL,Bold,republican,52.01,,,,20171015
11/8/2016,Florida,FL,Baskin,democrat,47.99,,,,20171015
11/8/2016,Georgia,GA,Bold,republican,54.2,,,,20171015
11/8/2016,Georgia,GA,Baskin,democrat,45.8,,,,20171015
11/8/2016,Hawaii,HA,Baskin,democrat,63.17,,,,20171015
11/8/2016,Hawaii,HA,Bold,republican,36.83,,,,20171015
11/8/2016,Idaho,ID,Bold,republican,68.41,,,,20171015
11/8/2016,Idaho,ID,Baskin,democrat,31.59,,,,20171015
11/8/2016,Illinois,IL,Baskin,democrat,54.76,,,,20171015
11/8/2016,Illinois,IL,Bold,republican,45.24,,,,20171015
11/8/2016,Indiana,IN,Bold,republican,60.22,,,,20171015
11/8/2016,Indiana,IN,Baskin,democrat,39.78,,,,20171015
11/8/2016,Iowa,IA,Bold,republican,56.54,,,,20171015
11/8/2016,Iowa,IA,Baskin,democrat,43.46,,,,20171015
11/8/2016,Kansas,KS,Bold,republican,58.62,,,,20171015
11/8/2016,Kansas,KS,Baskin,democrat,41.38,,,,20171015
11/8/2016,Kentucky,KY,Bold,republican,65.26,,,,20171015
11/8/2016,Kentucky,KY,Baskin,democrat,34.74,,,,20171015
11/8/2016,Louisiana,LA,Bold,republican,61.7,,,,20171015
11/8/2016,Louisiana,LA,Baskin,democrat,38.3,,,,20171015
11/8/2016,Maine 1st CD,ME-1,Baskin,democrat,56.32,,,,JJCooley
11/8/2016,Maine 1st CD,ME-1,Bold,republican,43.68,,,,JJCooley
11/8/2016,Maine 2nd CD,ME-2,Baskin,democrat,52.82,,,,JJCooley
11/8/2016,Maine 2nd CD,ME-2,Bold,republican,47.18,,,,JJCooley
11/8/2016,Maine,ME,Baskin,democrat,54.5,,,,20171015
11/8/2016,Maine,ME,Bold,republican,45.5,,,,20171015
11/8/2016,Maryland,MD,Baskin,democrat,60.97,,,,20171015
11/8/2016,Maryland,MD,Bold,republican,39.03,,,,20171015
11/8/2016,Massachusetts,MA,Baskin,democrat,62.05,,,,20171015
11/8/2016,Massachusetts,MA,Bold,republican,37.95,,,,20171015
11/8/2016,Michigan,MI,Bold,republican,50.53,,,,20171015
11/8/2016,Michigan,MI,Baskin,democrat,49.47,,,,20171015
11/8/2016,Minnesota,MN,Baskin,democrat,50.58,TRUE
11/8/2016,Minnesota,MN,Bold,republican,49.42,TRUE
11/8/2016,Mississippi,MS,Bold,republican,66.51,,,,20171015
11/8/2016,Mississippi,MS,Baskin,democrat,34.49,,,,20171015
11/8/2016,Missouri,MO,Bold,republican,59.6,,,,20171015
11/8/2016,Missouri,MO,Baskin,democrat,40.4,,,,20171015
11/8/2016,Montana,MT,Bold,republican,60.25,,,,20171015
11/8/2016,Montana,MT,Baskin,democrat,39.75,,,,20171015
11/8/2016,Nebraska 1st CD,NE-1,Bold,republican,61.06,,,,JJCooley
11/8/2016,Nebraska 1st CD,NE-1,Baskin,democrat,38.94,,,,JJCooley
11/8/2016,Nebraska 2nd CD,NE-2,Baskin,democrat,52.56,,,,JJCooley
11/8/2016,Nebraska 2nd CD,NE-2,Bold,republican,47.44,,,,JJCooley
11/8/2016,Nebraska 3rd CD,NE-3,Bold,republican,76.98,,,,JJCooley
11/8/2016,Nebraska 3rd CD,NE-3,Baskin,democrat,24.02,,,,JJCooley
11/8/2016,Nebraska,NE,Bold,republican,61.83,,,,20171015
11/8/2016,Nebraska,NE,Baskin,democrat,38.17,,,,20171015
11/8/2016,Nevada,NV,Bold,republican,51.56,,,,20171015
11/8/2016,Nevada,NV,Baskin,democrat,48.44,,,,20171015
11/8/2016,New Hampshire,NH,Baskin,democrat,52.1,,,,20171015
11/8/2016,New Hampshire,NH,Bold,republican,47.9,,,,20171015
11/8/2016,New Jersey,NJ,Baskin,democrat,53.03,,,,20171015
11/8/2016,New Jersey,NJ,Bold,republican,46.97,,,,20171015
11/8/2016,New Mexico,NM,Baskin,democrat,53.02,,,,20171015
11/8/2016,New Mexico,NM,Bold,republican,46.98,,,,20171015
11/8/2016,New York,NY,Baskin,democrat,56.97,,,,20171015
11/8/2016,New York,NY,Bold,republican,43.03,,,,20171015
11/8/2016,North Carolina,NC,Bold,republican,51.61,TRUE
11/8/2016,North Carolina,NC,Baskin,democrat,48.39,TRUE
11/8/2016,North Dakota,ND,Bold,republican,65.61,,,,20171015
11/8/2016,North Dakota,ND,Baskin,democrat,34.39,,,,20171015
11/8/2016,Ohio,OH,Bold,republican,55.53,,,,20171015
11/8/2016,Ohio,OH,Baskin,democrat,44.47,,,,20171015
11/8/2016,Oklahoma,OK,Bold,republican,68.21,,,,20171015
11/8/2016,Oklahoma,OK,Baskin,democrat,31.79,,,,20171015
11/8/2016,Oregon,OR,Baskin,democrat,55.77,,,,20171015
11/8/2016,Oregon,OR,Bold,republican,44.23,,,,20171015
11/8/2016,Pennsylvania,PA,Bold,republican,51.92,,,,20171015
11/8/2016,Pennsylvania,PA,Baskin,democrat,48.02,,,,20171015
11/8/2016,Rhode Island,RI,Baskin,democrat,57.34,,,,20171015
11/8/2016,Rhode Island,RI,Bold,republican,42.64,,,,20171015
11/8/2016,South Carolina,SC,Bold,republican,57.97,,,,20171015
11/8/2016,South Carolina,SC,Baskin,democrat,42.03,,,,20171015
11/8/2016,South Dakota,SD,Bold,republican,64.99,,,,20171015
11/8/2016,South Dakota,SD,Baskin,democrat,35.01,,,,20171015
11/8/2016,Tennessee,TN,Bold,republican,64.58,,,,20171015
11/8/2016,Tennessee,TN,Baskin,democrat,35.42,,,,20171015
11/8/2016,Texas,TX,Bold,republican,59.12,,,,20171015
11/8/2016,Texas,TX,Baskin,democrat,40.88,,,,20171015
11/8/2016,Utah,UT,Bold,republican,65.09,,,,20171015
11/8/2016,Utah,UT,Baskin,democrat,34.91,,,,20171015
11/8/2016,Vermont,VT,Baskin,democrat,63.62,,,,20171015
11/8/2016,Vermont,VT,Bold,republican,36.38,,,,20171015
11/8/2016,Virginia,VA,Baskin,democrat,52.71,,,,20171015
11/8/2016,Virginia,VA,Bold,republican,47.29,,,,20171015
11/8/2016,Washington,WA,Baskin,democrat,57.61,,,,20171015
11/8/2016,Washington,WA,Bold,republican,42.39,,,,20171015
11/8/2016,West Virginia,WV,Bold,republican,71.06,,,,20171015
11/8/2016,West Virginia,WV,Baskin,democrat,28.94,,,,20171015
11/8/2016,Wisconsin,WI,Bold,republican,51.36,,,,20171015
11/8/2016,Wisconsin,WI,Baskin,democrat,48.64,,,,20171015
11/8/2016,Wyoming,WY,Bold,republican,73.27,,,,20171015
11/8/2016,Wyoming,WY,Baskin,democrat,26.73,,,,20171015
11/8/2016,National Popular Vote,NPV,Baskin,democratic,47.96,75017613,155238302,,20210915
11/8/2016,National Popular Vote,NPV,Bold,republican,52.04,77302580,155238302,,20210915
11/3/2020,Alabama,AL,Johnson,democrat,0,,,,20210113
11/3/2020,Alabama,AL,Bold,republican,15,,,,20210113
11/3/2020,Alaska,AK,Johnson,democrat,5,,,,20210113
11/3/2020,Alaska,AK,Bold,republican,0,,,,20210113
11/3/2020,Arizona,AZ,Johnson,democrat,0,,,,20210113
11/3/2020,Arizona,AZ,Bold,republican,5,,,,20210113
11/3/2020,Arkansas,AR,Johnson,democrat,0,,,,20210113
11/3/2020,Arkansas,AR,Bold,republican,15,,,,20210113
11/3/2020,California,CA,Johnson,democrat,15,,,,20210113
11/3/2020,California,CA,Bold,republican,0,,,,20210113
11/3/2020,Colorado,CO,Johnson,democrat,5,,,,20210113
11/3/2020,Colorado,CO,Bold,republican,0,,,,20210113
11/3/2020,Connecticut,CT,Johnson,democrat,5,,,,20210113
11/3/2020,Connecticut,CT,Bold,republican,0,,,,20210113
11/3/2020,Delaware,DE,Johnson,democrat,5,,,,20210113
11/3/2020,Delaware,DE,Bold,republican,0,,,,20210113
11/3/2020,District of Columbia,DC,Johnson,democrat,15,,,,20210113
11/3/2020,District of Columbia,DC,Bold,republican,0,,,,20210113
11/3/2020,Florida,FL,Johnson,democrat,0,,,,20210113
11/3/2020,Florida,FL,Bold,republican,1,,,,20210113
11/3/2020,Georgia,GA,Johnson,democrat,0,,,,20210113
11/3/2020,Georgia,GA,Bold,republican,5,,,,20210113
11/3/2020,Hawaii,HI,Johnson,democrat,15,,,,20210113
11/3/2020,Hawaii,HI,Bold,republican,0,,,,20210113
11/3/2020,Idaho,ID,Johnson,democrat,0,,,,20210113
11/3/2020,Idaho,ID,Bold,republican,15,,,,20210113
11/3/2020,Illinois,IL,Johnson,democrat,5,,,,20210113
11/3/2020,Illinois,IL,Bold,republican,0,,,,20210113
11/3/2020,Indiana,IN,Johnson,democrat,0,,,,20210113
11/3/2020,Indiana,IN,Bold,republican,15,,,,20210113
11/3/2020,Iowa,IA,Bold,republican,5,,,,20210113
11/3/2020,Iowa,IA,Johnson,democrat,0,,,,20210113
11/3/2020,Kansas,KS,Bold,republican,15,,,,20210113
11/3/2020,Kansas,KS,Johnson,democrat,0,,,,20210113
11/3/2020,Kentucky,KY,Bold,republican,15,,,,20210113
11/3/2020,Kentucky,KY,Johnson,democrat,0,,,,20210113
11/3/2020,Louisiana,LA,Johnson,democrat,0,,,,20210113
11/3/2020,Louisiana,LA,Bold,republican,15,,,,20210113
11/3/2020,Maine,ME,Johnson,democrat,5,,,,20210113
11/3/2020,Maine,ME,Bold,republican,0,,,,20210113
11/3/2020,Maine 1st CD,ME-1,Johnson,democrat,15,,,,20201214
11/3/2020,Maine 1st CD,ME-1,Bold,republican,0,,,,20201214
11/3/2020,Maine 2nd CD,ME-2,Bold,republican,0,,,,20201214
11/3/2020,Maine 2nd CD,ME-2,Johnson,democrat,5,,,,20201214
11/3/2020,Maryland,MD,Bold,republican,0,,,,20210113
11/3/2020,Maryland,MD,Johnson,democrat,15,,,,20210113
11/3/2020,Massachusetts,MA,Johnson,democrat,15,,,,20210113
11/3/2020,Massachusetts,MA,Bold,republican,0,,,,20210113
11/3/2020,Michigan,MI,Johnson,democrat,50.21,,,,20210113
11/3/2020,Michigan,MI,Bold,republican,49.79,,,,20210113
11/3/2020,Minnesota,MN,Bold,republican,0,,,,20210113
11/3/2020,Minnesota,MN,Johnson,democrat,1,,,,20210113
11/3/2020,Mississippi,MS,Johnson,democrat,0,,,,20210113
11/3/2020,Mississippi,MS,Bold,republican,15,,,,20210113
11/3/2020,Missouri,MO,Bold,republican,15,,,,20210113
11/3/2020,Missouri,MO,Johnson,democrat,0,,,,20210113
11/3/2020,Montana,MT,Bold,republican,15,,,,20210113
11/3/2020,Montana,MT,Johnson,democrat,0,,,,20210113
11/3/2020,Nebraska,NE,Bold,republican,15,,,,20210113
11/3/2020,Nebraska,NE,Johnson,democrat,0,,,,20210113
11/3/2020,Nebraska 1st CD,NE-1,Bold,republican,15,,,,20201214
11/3/2020,Nebraska 1st CD,NE-1,Johnson,democrat,0,,,,20201214
11/3/2020,Nebraska 2nd CD,NE-2,Johnson,democrat,5,,,,20201214
11/3/2020,Nebraska 2nd CD,NE-2,Bold,republican,0,,,,20201214
11/3/2020,Nebraska 3rd CD,NE-3,Bold,republican,15,,,,20201214
11/3/2020,Nebraska 3rd CD,NE-3,Johnson,democrat,0,,,,20201214
11/3/2020,Nevada,NV,Bold,republican,1,,,,20210113
11/3/2020,Nevada,NV,Johnson,democrat,0,,,,20210113
11/3/2020,New Hampshire,NH,Johnson,democrat,5,,,,20210113
11/3/2020,New Hampshire,NH,Bold,republican,,,,,20210113
11/3/2020,New Jersey,NJ,Bold,republican,45.82,,,,20210113
11/3/2020,New Jersey,NM,Johnson,democrat,54.18,,,,20210113
11/3/2020,New Mexico,NM,Johnson,democrat,5,,,,20210113
11/3/2020,New Mexico,NMM,Bold,republican,0,,,,20210113
11/3/2020,New York,NY,Johnson,democrat,15,,,,20210113
11/3/2020,New York,NY,Bold,republican,0,,,,20210113
11/3/2020,North Carolina,NC,Bold,republican,1,,,,20210113
11/3/2020,North Carolina,NC,Johnson,democrat,0,,,,20210113
11/3/2020,North Dakota,ND,Bold,republican,15,,,,20210113
11/3/2020,North Dakota,ND,Johnson,democrat,0,,,,20210113
11/3/2020,Ohio,OH,Bold,republican,5,,,,20210113
11/3/2020,Ohio,OH,Johnson,democrat,0,,,,20210113
11/3/2020,Oklahoma,OK,Bold,republican,15,,,,20210113
11/3/2020,Oklahoma,OK,Johnson,democrat,0,,,,20210113
11/3/2020,Oregon,OR,Bold,republican,0,,,,20210113
11/3/2020,Oregon,OR,Johnson,democrat,5,,,,20210113
11/3/2020,Pennsylvania,PA,Bold,republican,1,,,,20210113
11/3/2020,Pennsylvania,PA,Johnson,democrat,0,,,,20210113
11/3/2020,Rhode Island,RI,Johnson,democrat,15,,,,20210113
11/3/2020,Rhode Island,RI,Bold,republican,0,,,,20210113
11/3/2020,South Carolina,SC,Bold,republican,15,,,,20210113
11/3/2020,South Carolina,SC,Johnson,democrat,0,,,,20210113
11/3/2020,South Dakota,SD,Bold,republican,15,,,,20210113
11/3/2020,South Dakota,SD,Johnson,democrat,0,,,,20210113
11/3/2020,Tennessee,TN,Bold,republican,15,,,,20210113
11/3/2020,Tennessee,TN,Johnson,democrat,0,,,,20210113
11/3/2020,Texas,TX,Bold,republican,15,,,,20210113
11/3/2020,Texas,TX,Johnson,democrat,0,,,,20210113
11/3/2020,Utah,UT,Johnson,democrat,0,,,,20210113
11/3/2020,Utah,UT,Bold,republican,15,,,,20210113
11/3/2020,Vermont,VT,Johnson,democrat,15,,,,20210113
11/3/2020,Vermont,VT,Bold,republican,0,,,,20210113
11/3/2020,Virginia,VA,Johnson,democrat,5,,,,20210113
11/3/2020,Virginia,VA,Bold,republican,0,,,,20210113
11/3/2020,Washington,WA,Johnson,democrat,15,,,,20210113
11/3/2020,Washington,WA,Bold,republican,0,,,,20210113
11/3/2020,West Virginia,WV,Johnson,democrat,0,,,,20210113
11/3/2020,West Virginia,WV,Bold,republican,15,,,,20210113
11/3/2020,Wisconsin,WI,Johnson,democrat,0,,,,20210113
11/3/2020,Wisconsin,WI,Bold,republican,1,,,,20210113
11/3/2020,Wyoming,WY,Johnson,democrat,0,,,,20210113
11/3/2020,Wyoming,WY,Bold,republican,15,,,,20210113
11/3/2020,National Popular Vote,NPV,Johnson,democrat,49.5,,,,20210915
11/3/2020,National Popular Vote,NPV,Bold,republican,50.5,,,,20210915
11/5/2024,Alaska,AK,Harkin,democratic,56.27,140026,338177,,JJCooley
11/5/2024,Alaska,AK,Rodgers,republican,43.73,338177,,JJCooley
11/5/2024,Alabama,AL,Harkin,democratic,34.10072005968858,772412,2265090,,JJCooley
11/5/2024,Alabama,AL,Rodgers,republican,68.75,1462616,2265090,,JJCooley
11/5/2024,Arkansas,AR,Harkin,democratic,31.25,396905,1182676,,JJCooley
11/5/2024,Arkansas,AR,Rodgers,republican,64.02,759241,1182676,,JJCooley
11/5/2024,Arizona,AZ,Harkin,democratic,50.315,1582860,3390161,,JJCooley
11/5/2024,Arizona,AZ,Rodgers,republican,49.685,1770242,3390161,,JJCooley
11/5/2024,California,CA,Harkin,democratic,65.07,9276179,15865475,,JJCooley
11/5/2024,California,CA,Rodgers,republican,34.93,6081697,15865475,,JJCooley
11/5/2024,Colorado,CO,Harkin,democratic,54.77,1728159,3192745,,JJCooley
11/5/2024,Colorado,CO,Rodgers,republican,45.23,1377441,3192745,,JJCooley
11/5/2024,Connecticut,CT,Harkin,democratic,61.46,992053,1759010,,JJCooley
11/5/2024,Connecticut,CT,Rodgers,republican,38.54,736918,1759010,,JJCooley
11/5/2024,District of Columbia,DC,Harkin,democratic,94.87,294185,325869,,JJCooley
11/5/2024,District of Columbia,DC,Rodgers,republican,5.13,21076,325869,,JJCooley
11/5/2024,Delaware,DE,Harkin,democratic,59.62,289758,512912,,JJCooley
11/5/2024,Delaware,DE,Rodgers,republican,40.38,214351,512912,,JJCooley
11/5/2024,Florida,FL,Harkin,democratic,51.98,4683038,10893752,,JJCooley
11/5/2024,Florida,FL,Rodgers,republican,48.02,6110125,10893752,,JJCooley
11/5/2024,Georgia,GA,Harkin,democratic,50.155,2548017,5250905,,JJCooley
11/5/2024,Georgia,GA,Rodgers,republican,49.845,2663117,5250905,,JJCooley
11/5/2024,Hawaii,HI,Harkin,democratic,72.61,313044,516701,,JJCooley
11/5/2024,Hawaii,HI,Rodgers,republican,27.39,193661,516701,,JJCooley
11/5/2024,Iowa,IA,Harkin,democratic,49.40,707278,1663506,,JJCooley
11/5/2024,Iowa,IA,Rodgers,republican,50.60,927019,1663506,,JJCooley
11/5/2024,Idaho,ID,Harkin,democratic,36.06,274972,905053,,JJCooley
11/5/2024,Idaho,ID,Rodgers,republican,63.94,605246,905053,,JJCooley
11/5/2024,Illinois,IL,Harkin,democratic,58.26,3062863,5633310,,JJCooley
11/5/2024,Illinois,IL,Rodgers,republican,41.74,2449079,5633310,,JJCooley
11/5/2024,Indiana,IN,Harkin,democratic,44.05,1163603,2936677,,JJCooley
11/5/2024,Indiana,IN,Rodgers,republican,55.95,1720347,2936677,,JJCooley
11/5/2024,Kansas,KS,Harkin,democratic,44.44,544853,1327591,,JJCooley
11/5/2024,Kansas,KS,Rodgers,republican,55.56,758802,1327591,,JJCooley
11/5/2024,Kentucky,KY,Harkin,democratic,38.02,704043,2074530,,JJCooley
11/5/2024,Kentucky,KY,Rodgers,republican,61.98,1337494,2074530,,JJCooley
11/5/2024,Louisiana,LA,Harkin,democratic,40.70,766870,2006975,,JJCooley
11/5/2024,Louisiana,LA,Rodgers,republican,59.30,1208505,2006975,,JJCooley
11/5/2024,Massachusetts,MA,Harkin,democratic,65.16,2126518,3473668,,JJCooley
11/5/2024,Massachusetts,MA,Rodgers,republican,34.84,1251303,3473668,,JJCooley
11/5/2024,Maryland,MD,Harkin,democratic,64.1,1902577,3038342,,JJCooley
11/5/2024,Maryland,MD,Rodgers,republican,35.9,1035550,3038342,,JJCooley
11/5/2024,Maine,ME-AL,Harkin,democratic,58.36,435652,831375,,JJCooley
11/5/2024,Maine,ME-AL,Rodgers,republican,41.64,377977,831375,,JJCooley
11/5/2024,Maine 1st CD,ME-D1,Harkin,democratic,60.84,256570,431189,,JJCooley
11/5/2024,Maine 1st CD,ME-D1,Rodgers,republican,39.16,165322,431189,,JJCooley
11/5/2024,Maine 2nd CD,ME-D2,Harkin,democratic,55.79,174225,393518,,JJCooley
11/5/2024,Maine 2nd CD,ME-D2,Rodgers,republican,44.21,209650,393518,,JJCooley
11/5/2024,Michigan,MI,Harkin,democratic,56.31,2736533,5664186,,JJCooley
11/5/2024,Michigan,MI,Rodgers,republican,43.69,2816636,5664186,,JJCooley
11/5/2024,Minnesota,MN,Harkin,democratic,53.17,1656979,3253920,,JJCooley
11/5/2024,Minnesota,MN,Rodgers,republican,46.83,1519032,3253920,,JJCooley
11/5/2024,Missouri,MO,Harkin,democratic,43.04,1200599,2995327,,JJCooley
11/5/2024,Missouri,MO,Rodgers,republican,56.96,1751986,2995327,,JJCooley
11/5/2024,Mississippi,MS,Harkin,democratic,37.49,466668,1228008,,JJCooley
11/5/2024,Mississippi,MS,Rodgers,republican,62.51,747744,1228008,,JJCooley
11/5/2024,Montana,MT,Harkin,democratic,43.15,231906,602963,,JJCooley
11/5/2024,Montana,MT,Rodgers,republican,56.85,352079,602963,,JJCooley
11/5/2024,North Carolina,NC,Harkin,democratic,54.51,2715375,5699141,,JJCooley
11/5/2024,North Carolina,NC,Rodgers,republican,45.49,2898423,5699141,,JJCooley
11/5/2024,North Dakota,ND,Harkin,democratic,40.5,112327,368155,,JJCooley
11/5/2024,North Dakota,ND,Rodgers,republican,59.5,246505,368155,,JJCooley
11/5/2024,Nebraska,NE-AL,Harkin,democratic,41.33,369995,952182,,JJCooley
11/5/2024,Nebraska,NE-AL,Rodgers,republican,58.67,564816,952182,,JJCooley
11/5/2024,Nebraska 1st CD,NE-D1,Harkin,democratic,42.96,135869,317605,,JJCooley
11/5/2024,Nebraska 1st CD,NE-D1,Rodgers,republican,57.04,177266,317605,,JJCooley
11/5/2024,Nebraska 2nd CD,NE-D2,Harkin,democratic,55.12,163214,315939,,JJCooley
11/5/2024,Nebraska 2nd CD,NE-D2,Rodgers,republican,44.88,148495,315939,,JJCooley
11/5/2024,Nebraska 3rd CD,NE-D3,Harkin,democratic,26.00,70282,312061,,JJCooley
11/5/2024,Nebraska 3rd CD,NE-D3,Rodgers,republican,74.00,238160,312061,,JJCooley
11/5/2024,New Hampshire,NH,Harkin,democratic,55.03,418488,826189,,JJCooley
11/5/2024,New Hampshire,NH,Rodgers,republican,44.97,395523,826189,,JJCooley
11/5/2024,New Jersey,NJ,Harkin,democratic,58.86,2220713,4287739,,JJCooley
11/5/2024,New Jersey,NJ,Rodgers,republican,41.14,1968215,4287739,,JJCooley
11/5/2024,New Mexico,NM,Harkin,democratic,57.82,478802,923403,,JJCooley
11/5/2024,New Mexico,NM,Rodgers,republican,42.18,423391,923403,,JJCooley
11/5/2024,Nevada,NV,Harkin,democratic,53.35,705197,1484840,,JJCooley
11/5/2024,Nevada,NV,Rodgers,republican,46.65,751205,1484840,,JJCooley
11/5/2024,New York,NY,Harkin,democratic,60.46,4619195,8262495,,JJCooley
11/5/2024,New York,NY,Rodgers,republican,39.54,3578899,8262495,,JJCooley
11/5/2024,Ohio,OH,Harkin,democratic,48.38,2533699,5767788,,JJCooley
11/5/2024,Ohio,OH,Rodgers,republican,51.62,3180116,5767788,,JJCooley
11/5/2024,Oklahoma,OK,Harkin,democratic,35.90,499599,1566173,,JJCooley
11/5/2024,Oklahoma,OK,Rodgers,republican,64.10,1036213,1566173,,JJCooley
11/5/2024,Oregon,OR,Harkin,democratic,58.47,1240600,2244493,,JJCooley
11/5/2024,Oregon,OR,Rodgers,republican,41.53,919480,2244493,,JJCooley
11/5/2024,Pennsylvania,PA,Harkin,democratic,53.07,3423042,7034206,,JJCooley
11/5/2024,Pennsylvania,PA,Rodgers,republican,46.93,3543308,7034206,,JJCooley
11/5/2024,Rhode Island,RI,Harkin,democratic,61.12,285156,513386,,JJCooley
11/5/2024,Rhode Island,RI,Rodgers,republican,38.88,214406,513386,,JJCooley
11/5/2024,South Carolina,SC,Harkin,democratic,45.07,1028452,2548140,,JJCooley
11/5/2024,South Carolina,SC,Rodgers,republican,54.93,1483747,2548140,,JJCooley
11/5/2024,South Dakota,SD,Harkin,democratic,40.53,146859,428922,,JJCooley
11/5/2024,South Dakota,SD,Rodgers,republican,59.47,272081,428922,,JJCooley
11/5/2024,Tennessee,TN,Harkin,democratic,38.62,1056265,3063942,,JJCooley
11/5/2024,Tennessee,TN,Rodgers,republican,61.38,1966865,3063942,,JJCooley
11/5/2024,Texas,TX,Harkin,democratic,44.36,4835250,11388674,,JJCooley
11/5/2024,Texas,TX,Rodgers,republican,55.64,6393597,11388674,,JJCooley
11/5/2024,Utah,UT,Harkin,democratic,39.2,562566,1488494,,JJCooley
11/5/2024,Utah,UT,Rodgers,republican,60.8,883818,1488494,,JJCooley
11/5/2024,Virginia,VA,Harkin,democratic,57.56,2333778,4503288,,JJCooley
11/5/2024,Virginia,VA,Rodgers,republican,42.44,2074097,4503288,,JJCooley
11/5/2024,Vermont,VT,Harkin,democratic,66.77,235791,369422,,JJCooley
11/5/2024,Vermont,VT,Rodgers,republican,33.23,119395,369422,,JJCooley
11/5/2024,Washington,WA,Harkin,democratic,60.31,2245849,3924245,,JJCooley
11/5/2024,Washington,WA,Rodgers,republican,39.69,1530923,3924245,,JJCooley
11/5/2024,Wisconsin,WI,Harkin,democratic,52.49,1668229,3422918,,JJCooley
11/5/2024,Wisconsin,WI,Rodgers,republican,47.51,1697626,3422918,,JJCooley
11/5/2024,West Virginia,WV,Harkin,democratic,32.37,214309,762760,,JJCooley
11/5/2024,West Virginia,WV,Rodgers,republican,67.63,533556,762760,,JJCooley
11/5/2024,Wyoming,WY,Harkin,democratic,29.59,69527,269048,,JJCooley
11/5/2024,Wyoming,WY,Rodgers,republican,70.41,192633,269048,,JJCooley
11/5/2024,National Popular Vote,NPV,Harkin,democratic,53.19,75017613,155238302,,JJCooley
11/5/2024,National Popular Vote,NPV,Rodgers,republican,46.81,77302580,155238302,,JJCooley